#ref_idcompany,,,,,,,,,,,,,
#company_location,,,,,,,,,,,,,
#review_date,,,,,,,,,,,,,
#country_of_bean_origin,,,,,,,,,,,,,
#cocoa_percent,,,,,,,,,,,,,
#counts_of_ingredients,,,,,,,,,,,,,
#beans,,,,,,,,,,,,,
#cocoa_butter,,,,,,,,,,,,,
#vanilla,,,,,,,,,,,,,
#lecithin,,,,,,,,,,,,,
#salt,,,,,,,,,,,,,
#sugar,,,,,,,,,,,,,
#sweetener_without_sugar,,,,,,,,,,,,,
#rating,,,,,,,,,,,,,
1,2454,840,2019,450,76,3,1,0,0,0,1,0,3.75
2,2458,840,2019,214,76,3,1,0,0,0,1,0,3.5
3,2454,840,2019,834,76,3,1,0,0,0,1,0,3.25
4,797,250,2012,604,63,4,1,0,1,0,1,0,3.75
5,797,250,2012,68,70,4,1,0,1,0,1,0,3.5
6,1015,250,2013,862,70,4,1,0,1,0,1,0,4
7,1019,250,2013,604,63,3,1,0,0,0,1,0,4
8,1011,250,2013,218,70,4,1,0,1,0,1,0,3.75
9,1019,250,2013,604,70,4,1,0,1,0,1,0,3.5
10,1011,250,2013,76,70,4,1,0,1,0,1,0,3.25
11,1015,250,2013,598,70,4,1,0,1,0,1,0,3.25
12,1019,250,2013,604,70,4,1,0,1,0,1,0,3.25
13,1011,250,2013,450,70,4,1,0,1,0,1,0,3
14,1015,250,2013,104,70,4,1,0,1,0,1,0,3
15,1011,250,2013,591,70,4,1,0,1,0,1,0,2.75
16,1015,250,2013,170,70,4,1,0,1,0,1,0,2.75
17,1319,250,2014,604,70,4,1,0,1,0,1,0,4
18,1319,250,2014,862,70,4,1,0,1,0,1,0,3.75
19,1315,250,2014,192,70,4,1,0,1,0,1,0,3.5
20,1315,250,2014,862,70,4,1,0,1,0,1,0,3.5
21,1315,250,2014,862,70,4,1,0,1,0,1,0,2.75
22,1680,250,2015,768,70,4,1,0,1,0,1,0,3.5
23,1704,250,2015,604,70,4,1,0,1,0,1,0,3.5
24,1676,250,2015,768,70,4,1,0,1,0,1,0,3
25,1676,250,2015,768,70,4,1,0,1,0,1,0,2.75
26,1876,250,2016,678,63,4,1,0,1,0,1,0,3.75
27,2206,250,2018,604,63,4,1,0,1,0,1,0,3.75
28,2206,250,2018,862,70,4,1,0,1,0,1,0,3.5
29,1462,840,2015,604,70,2,0,0,0,0,1,0,3.75
30,1470,840,2015,604,70,2,0,0,0,0,1,0,3.75
31,2470,840,2020,604,70,2,0,0,0,0,1,0,3.5
32,2462,840,2020,484,74,2,0,0,0,0,1,0,3.25
33,705,242,2011,242,88,3,1,0,0,0,1,0,3.5
34,705,242,2011,242,72,3,1,0,0,0,1,0,3.5
35,705,242,2011,242,80,3,1,0,0,0,1,0,3.25
36,705,242,2011,242,60,3,1,0,0,0,1,0,2.75
37,2438,548,2019,548,70,2,0,0,0,0,1,0,3
38,2438,548,2019,548,70,2,0,0,0,0,1,0,2.75
39,2442,548,2019,548,70,2,0,0,0,0,1,0,2.75
40,2438,548,2019,548,70,2,0,0,0,0,1,0,2.5
41,370,218,2009,218,70,4,1,1,0,0,1,0,3
42,370,218,2009,218,55,4,1,1,0,0,1,0,2.75
43,316,484,2009,484,70,3,1,0,0,0,1,0,3
44,502,756,2010,450,75,4,1,0,1,0,1,0,2.75
45,508,756,2010,76,75,4,1,0,1,0,1,0,2.75
46,636,756,2011,360,75,4,1,0,1,0,1,0,3.75
47,1061,250,2013,862,75,5,1,1,1,0,1,0,2.5
48,1173,250,2013,604,75,5,1,1,1,0,1,0,2.5
49,1215,250,2014,450,75,5,1,1,0,1,1,0,3
50,1215,250,2014,780,65,6,1,1,1,1,1,0,2.75
51,1215,250,2014,704,75,5,1,1,0,1,1,0,2.75
52,1992,250,2017,484,75,6,1,1,1,1,1,0,3.5
53,1944,528,2017,218,70,3,1,0,0,0,1,0,3.5
54,1944,528,2017,558,70,3,1,0,0,0,1,0,3.5
55,1944,528,2017,834,70,3,1,0,0,0,1,0,3.5
56,1944,528,2017,704,70,3,1,0,0,0,1,0,3.5
57,1129,840,2013,68,80,4,1,0,1,0,1,0,3.25
58,1133,840,2013,604,60,4,1,0,1,0,1,0,3.25
59,1125,840,2013,214,60,4,1,0,1,0,1,0,3
60,1133,840,2013,68,60,4,1,0,1,0,1,0,3
61,1125,840,2013,862,60,4,1,0,1,0,1,0,2.5
62,1728,840,2016,604,60,3,1,0,0,0,1,0,3
63,1728,840,2016,558,60,3,1,0,0,0,1,0,2.75
64,1732,840,2016,218,60,3,1,0,0,0,1,0,2.75
65,1732,840,2016,68,60,3,1,0,0,0,1,0,2.5
66,1732,840,2016,604,60,3,1,0,0,0,1,0,2.5
67,2044,840,2018,214,70,3,1,0,0,0,1,0,3
68,175,840,2007,862,70,4,1,1,0,0,1,0,3.75
69,129,840,2007,450,70,4,1,1,0,0,1,0,3.5
70,147,840,2007,862,70,4,1,1,0,0,1,0,3
71,304,840,2008,360,70,4,1,1,0,0,1,0,2.75
72,363,840,2009,862,70,4,1,1,0,0,1,0,3
73,470,840,2010,218,70,4,1,1,0,0,1,0,4
74,470,840,2010,214,70,4,1,1,0,0,1,0,3.75
75,544,840,2010,862,70,4,1,1,0,0,1,0,3
76,725,840,2011,598,70,4,1,1,0,0,1,0,4
77,322,724,2009,288,70,2,0,0,0,0,1,0,3
78,464,724,2009,288,85,2,0,0,0,0,1,0,3
79,327,724,2009,218,70,2,0,0,0,0,1,0,2.75
80,464,724,2009,218,85,2,0,0,0,0,1,0,2.75
81,1145,604,2013,604,73,3,1,0,0,0,1,0,3.5
82,1145,604,2013,604,72,3,1,0,0,0,1,0,3.25
83,1498,124,2015,604,68,2,0,0,0,0,1,0,3.5
84,1494,124,2015,450,66,2,0,0,0,0,1,0,3.25
85,1498,124,2015,214,75,2,0,0,0,0,1,0,3.25
86,1498,124,2015,598,63,2,0,0,0,0,1,0,3.25
87,1498,124,2015,862,70,2,0,0,0,0,1,0,3.25
88,1494,124,2015,84,64,4,1,0,1,0,1,0,3
89,75,380,2006,0,66,4,1,1,0,0,1,0,3.75
90,123,380,2007,862,70,4,1,1,0,0,1,0,3.75
91,123,380,2007,308,70,4,1,1,0,0,1,0,3.5
92,129,380,2007,780,70,4,1,1,0,0,1,0,3.5
93,170,380,2007,0,63,4,1,1,0,0,1,0,3.5
94,123,380,2007,218,70,4,1,1,0,0,1,0,3
95,123,380,2007,388,70,4,1,1,0,0,1,0,3
96,979,380,2012,604,70,4,1,1,0,0,1,0,3.75
97,2092,380,2018,0,75,4,1,1,0,0,1,0,3.5
98,2088,380,2018,450,70,4,1,1,0,0,1,0,3
99,2088,380,2018,862,70,4,1,1,0,0,1,0,3
100,2092,380,2018,862,70,4,1,1,0,0,1,0,3
101,2434,380,2019,0,70,3,1,0,0,0,1,0,2.75
102,572,76,2010,76,60,4,1,0,1,0,1,0,4
103,572,76,2010,76,50,4,1,0,1,0,1,0,3.75
104,572,76,2010,76,75,4,1,0,1,0,1,0,3.75
105,572,76,2010,76,85,4,1,0,1,0,1,0,2.75
106,1065,76,2013,76,75,4,1,0,1,0,1,0,3.25
107,1259,840,2014,214,75,2,0,0,0,0,1,0,3
108,1852,840,2016,68,75,2,0,0,0,0,1,0,3.5
109,1375,250,2014,450,75,3,1,0,0,0,1,0,3
110,1379,250,2014,862,75,3,1,0,0,0,1,0,3
111,1379,250,2014,218,75,3,1,0,0,0,1,0,2.75
112,1379,250,2014,484,72,3,1,0,0,0,1,0,2.5
113,1598,840,2015,558,70,2,0,0,0,0,1,0,4
114,1534,840,2015,218,70,2,0,0,0,0,1,0,3.75
115,1598,840,2015,84,70,2,0,0,0,0,1,0,3.75
116,1534,840,2015,76,70,2,0,0,0,0,1,0,3.5
117,1534,840,2015,604,68,2,0,0,0,0,1,0,3.5
118,1598,840,2015,214,70,2,0,0,0,0,1,0,3.5
119,1602,840,2015,218,75,3,1,0,0,0,1,0,3.5
120,1602,840,2015,320,70,2,0,0,0,0,1,0,3.25
121,1602,840,2015,76,75,2,0,0,0,0,1,0,2.75
122,1908,840,2016,188,70,2,0,0,0,0,1,0,4
123,1924,840,2016,604,70,2,0,0,0,0,1,0,4
124,1724,840,2016,834,70,2,0,0,0,0,1,0,3.75
125,1904,840,2016,558,70,3,1,0,0,0,1,0,3.75
126,1928,840,2016,214,70,2,0,0,0,0,1,0,3.75
127,1724,840,2016,780,70,2,0,0,0,0,1,0,3.5
128,1900,840,2016,704,73,3,1,0,0,0,1,0,3.5
129,1904,840,2016,320,70,2,0,0,0,0,1,0,3.5
130,1908,840,2016,340,70,2,0,0,0,0,1,0,3.5
131,1904,840,2016,218,70,3,1,0,0,0,1,0,3.25
132,1904,840,2016,218,70,3,1,0,0,0,1,0,3.25
133,1928,840,2016,242,70,2,0,0,0,0,1,0,3.25
134,1928,840,2016,704,73,2,0,0,0,0,1,0,3.25
135,2024,840,2017,68,70,2,0,0,0,0,1,0,4
136,2028,840,2017,332,70,2,0,0,0,0,1,0,4
137,2020,840,2017,356,70,2,0,0,0,0,1,0,3.5
138,2020,840,2017,450,70,3,1,0,0,0,1,0,3.5
139,2020,840,2017,704,73,3,1,0,0,0,1,0,3.5
140,2028,840,2017,604,70,3,1,0,0,0,1,0,3.5
141,2254,840,2018,170,70,2,0,0,0,0,1,0,4
142,2068,840,2018,780,70,2,0,0,0,0,1,0,3
143,2330,840,2019,356,70,3,1,0,0,0,1,0,3.25
144,2450,840,2019,356,70,3,1,0,0,0,1,0,3
145,2162,558,2018,558,70,2,0,0,0,0,1,0,3.5
146,2162,558,2018,558,70,2,0,0,0,0,1,0,3.5
147,2162,558,2018,558,70,2,0,0,0,0,1,0,3.25
148,2166,558,2018,558,70,2,0,0,0,0,1,0,3
149,300,826,2008,178,72,3,1,0,0,0,1,0,3.75
150,363,826,2009,214,72,3,1,0,0,0,1,0,3.25
151,363,826,2009,450,80,3,1,0,0,0,1,0,3
152,363,826,2009,604,75,3,1,0,0,0,1,0,3
153,355,826,2009,360,72,3,1,0,0,0,1,0,2.75
154,355,826,2009,862,75,3,1,0,0,0,1,0,2.5
155,363,826,2009,76,72,3,1,0,0,0,1,0,1.75
156,531,826,2010,388,72,3,1,0,0,0,1,0,3.75
157,600,826,2010,360,72,3,1,0,0,0,1,0,3.5
158,600,826,2010,188,72,3,1,0,0,0,1,0,3.25
159,600,826,2010,704,72,3,1,0,0,0,1,0,3.25
160,729,826,2011,332,72,3,1,0,0,0,1,0,4
161,745,826,2011,591,72,3,1,0,0,0,1,0,2.75
162,947,826,2012,170,72,3,1,0,0,0,1,0,3.75
163,1193,826,2013,780,72,3,1,0,0,0,1,0,3.25
164,1181,826,2013,170,72,4,1,0,1,0,1,0,2.75
165,175,840,2007,218,70,2,0,0,0,0,1,0,3
166,141,840,2007,484,75,2,0,0,0,0,1,0,2.5
167,331,840,2009,608,77,2,0,0,0,0,1,0,3.75
168,647,840,2011,834,72,2,0,0,0,0,1,0,3.75
169,661,840,2011,340,70,2,0,0,0,0,1,0,3.75
170,1780,840,2016,834,68,3,1,0,0,0,1,0,3.75
171,2434,36,2019,90,70,4,1,0,1,0,1,0,3
172,2056,608,2018,608,70,3,1,0,0,0,1,0,3.5
173,2056,608,2018,608,70,3,1,0,0,0,1,0,3
174,2056,608,2018,608,70,3,1,0,0,0,1,0,3
175,2056,608,2018,608,77,4,0,1,1,0,1,0,2.75
176,995,36,2012,450,70,2,0,0,0,0,1,0,3
177,999,36,2012,76,70,2,0,0,0,0,1,0,2.5
178,999,36,2012,0,70,2,0,0,0,0,1,0,2.5
179,1474,36,2015,598,70,2,0,0,0,0,1,0,3.5
180,1474,36,2015,0,80,2,0,0,0,0,1,0,3.25
181,2146,76,2018,76,70,2,0,0,0,0,1,0,3
182,1454,604,2015,604,70,3,1,0,0,0,1,0,3.5
183,1454,604,2015,604,70,3,1,0,0,0,1,0,2.75
184,2294,840,2019,834,72,3,1,0,0,0,1,0,3.25
185,2294,840,2019,800,82,3,1,0,0,0,1,0,2.75
186,2290,840,2019,84,72,3,1,0,0,0,1,0,2.5
187,983,840,2012,450,70,2,0,0,0,0,1,0,3.75
188,983,840,2012,484,70,2,0,0,0,0,1,0,3.5
189,983,840,2012,214,70,2,0,0,0,0,1,0,3.25
190,1295,840,2014,604,70,2,0,0,0,0,1,0,4
191,1554,840,2015,76,70,2,0,0,0,0,1,0,3.5
192,1980,840,2017,188,72,2,0,0,0,0,1,0,3.5
193,1980,840,2017,780,80,2,0,0,0,0,1,0,3.5
194,955,826,2012,188,80,4,1,1,0,0,1,0,2.75
195,1868,840,2016,76,70,3,1,0,0,0,1,0,3.75
196,1840,840,2016,214,65,3,1,0,0,0,1,0,3.5
197,1880,840,2016,218,65,3,1,0,0,0,1,0,3.25
198,2374,826,2019,604,70,4,1,1,0,0,1,0,2.25
199,1948,826,2017,458,72,3,1,0,0,0,1,0,3.25
200,1948,826,2017,458,73,3,1,0,0,0,1,0,3
201,1784,840,2016,76,80,3,1,0,0,0,1,0,2.75
202,1784,840,2016,214,70,3,1,0,0,0,1,0,2.75
203,1784,840,2016,218,70,3,1,0,0,0,1,0,2.75
204,1788,840,2016,218,90,3,1,0,0,0,1,0,2.75
205,586,56,2010,218,71,4,1,0,1,0,1,0,3.5
206,586,56,2010,188,64,4,1,0,1,0,1,0,2.75
207,586,56,2010,598,64,4,1,0,1,0,1,0,2.75
208,586,56,2010,604,64,4,1,0,1,0,1,0,2.75
209,1800,840,2016,834,70,3,1,0,0,0,1,0,3.5
210,1864,840,2016,214,70,2,0,0,0,0,1,0,3.5
211,1804,840,2016,68,70,3,1,0,0,0,1,0,3.25
212,2190,704,2018,704,75,3,1,0,0,0,1,0,3.25
213,1768,276,2016,84,83,3,1,0,0,0,1,0,3.5
214,1768,276,2016,84,78,3,1,0,0,0,1,0,3
215,1768,276,2016,84,83,3,1,0,0,0,1,0,2.75
216,2246,702,2018,704,72,4,1,0,1,0,1,0,3
217,2246,702,2018,356,72,4,1,0,1,0,1,0,3
218,2246,702,2018,458,72,4,1,0,1,0,1,0,3
219,757,56,2011,360,72,3,1,0,0,0,1,0,4
220,773,56,2011,450,72,3,1,0,0,0,1,0,3.75
221,1141,56,2013,218,73,3,1,0,0,0,1,0,4
222,1141,56,2013,192,74,3,1,0,0,0,1,0,3.5
223,1141,56,2013,862,74,3,1,0,0,0,1,0,3.5
224,1141,56,2013,862,74,3,1,0,0,0,1,0,3.5
225,797,250,2012,0,55,5,1,1,1,0,1,0,2.75
226,508,756,2010,360,64,3,1,0,0,0,1,0,3.5
227,508,756,2010,862,72,3,1,0,0,0,1,0,3.5
228,508,756,2010,862,70,3,1,0,0,0,1,0,3.25
229,508,756,2010,862,74,3,1,0,0,0,1,0,3.25
230,636,756,2011,218,72,3,1,0,0,0,1,0,4
231,636,756,2011,862,72,3,1,0,0,0,1,0,3.5
232,636,756,2011,450,64,3,1,0,0,0,1,0,3
233,636,756,2011,862,88,3,1,0,0,0,1,0,3
234,1486,840,2015,84,86,4,1,1,0,0,1,0,3.25
235,1482,840,2015,558,76,2,0,0,0,0,1,0,2.5
236,1486,840,2015,188,76,2,0,0,0,0,1,0,2.5
237,1486,840,2015,188,78,4,1,1,0,0,1,0,2.5
238,2084,862,2018,862,70,4,1,0,1,0,1,0,3.5
239,2088,862,2018,862,70,4,1,0,1,0,1,0,3
240,2088,862,2018,862,70,4,1,0,1,0,1,0,3
241,233,840,2008,214,68,2,0,0,0,0,1,0,3.75
242,233,840,2008,591,75,2,0,0,0,0,1,0,3.5
243,233,840,2008,450,71,2,0,0,0,0,1,0,3
244,256,840,2008,288,70,2,0,0,0,0,1,0,3
245,414,840,2009,214,65,2,0,0,0,0,1,0,3.5
246,431,840,2009,450,65,2,0,0,0,0,1,0,3.5
247,423,840,2009,450,75,2,0,0,0,0,1,0,3.25
248,414,840,2009,214,75,2,0,0,0,0,1,0,3
249,502,840,2010,0,70,2,0,0,0,0,1,0,3.75
250,478,840,2010,360,75,2,0,0,0,0,1,0,3.25
251,565,840,2010,450,70,2,0,0,0,0,1,0,3
252,565,840,2010,862,78,2,0,0,0,0,1,0,3
253,558,840,2010,360,65,2,0,0,0,0,1,0,2.75
254,963,840,2012,288,72,3,1,0,0,0,1,0,3.5
255,2114,840,2018,214,70,2,0,0,0,0,1,0,3.25
256,2108,840,2018,332,70,2,0,0,0,0,1,0,3
257,2114,840,2018,320,70,2,0,0,0,0,1,0,3
258,2422,840,2019,84,70,2,0,0,0,0,1,0,2.75
259,256,840,2008,558,70,3,1,0,0,0,1,0,3
260,256,840,2008,214,70,3,1,0,0,0,1,0,2.75
261,256,840,2008,862,70,3,1,0,0,0,1,0,2.75
262,1331,826,2014,388,70,4,1,0,1,0,1,0,2.75
263,322,724,2009,0,72,4,1,1,0,0,1,0,2.75
264,1046,724,2013,178,82,4,1,1,0,0,1,0,3.5
265,911,840,2012,450,70,3,1,0,0,0,1,0,3.75
266,911,840,2012,320,70,3,1,0,0,0,1,0,3.5
267,1740,840,2016,450,82,2,0,0,0,0,1,0,3.5
268,1752,840,2016,834,75,2,0,0,0,0,1,0,3.5
269,1756,840,2016,214,75,2,0,0,0,0,1,0,3
270,1752,840,2016,320,75,2,0,0,0,0,1,0,2.75
271,1996,840,2017,84,70,3,1,0,0,0,1,0,2.75
272,2290,458,2019,458,74,2,0,0,0,0,1,0,3.25
273,2290,458,2019,458,72,2,0,0,0,0,1,0,2.75
274,2290,458,2019,458,68,2,0,0,0,0,1,0,2.5
275,48,250,2006,862,75,3,1,0,0,0,1,0,4
276,81,250,2006,862,75,3,1,0,0,0,1,0,4
277,24,250,2006,0,75,3,1,0,0,0,1,0,3.75
278,32,250,2006,862,75,3,1,0,0,0,1,0,3.75
279,75,250,2006,450,75,3,1,0,0,0,1,0,3.75
280,81,250,2006,144,75,3,1,0,0,0,1,0,3
281,123,250,2007,218,75,3,1,0,0,0,1,0,2.5
282,199,250,2008,862,75,3,1,0,0,0,1,0,4
283,331,250,2009,384,75,3,1,0,0,0,1,0,3
284,336,250,2009,484,75,3,1,0,0,0,1,0,3
285,395,250,2009,484,75,3,1,0,0,0,1,0,3
286,336,250,2009,604,75,3,1,0,0,0,1,0,2.75
287,629,250,2011,332,75,3,1,0,0,0,1,0,4
288,629,250,2011,450,75,3,1,0,0,0,1,0,4
289,629,250,2011,76,75,3,1,0,0,0,1,0,3.75
290,629,250,2011,192,75,3,1,0,0,0,1,0,3.5
291,629,250,2011,604,75,3,1,0,0,0,1,0,3.5
292,629,250,2011,604,75,3,1,0,0,0,1,0,3.5
293,672,250,2011,76,75,3,1,0,0,0,1,0,3.5
294,761,250,2011,388,75,3,1,0,0,0,1,0,3.25
295,1038,250,2013,76,75,3,1,0,0,0,1,0,3.5
296,1042,250,2013,266,75,3,1,0,0,0,1,0,3.25
297,1339,250,2014,76,75,3,1,0,0,0,1,0,4
298,1418,250,2014,0,65,3,1,0,0,0,1,0,3.75
299,1418,250,2014,214,75,3,1,0,0,0,1,0,3.25
300,1912,250,2016,484,75,3,1,0,0,0,1,0,3.5
301,2246,250,2018,604,75,3,1,0,0,0,1,0,4
302,2250,250,2018,0,75,3,1,0,0,0,1,0,4
303,316,218,2009,218,77,2,0,0,0,0,1,0,3.25
304,2134,840,2018,214,72,3,1,0,0,0,1,0,3.25
305,2194,840,2018,604,70,3,1,0,0,0,1,0,3.75
306,2254,840,2018,218,75,3,1,0,0,0,1,0,3.5
307,1129,840,2013,288,75,5,1,1,1,0,1,0,3.5
308,1129,840,2013,862,85,5,1,1,1,0,1,0,3.5
309,1125,840,2013,218,70,5,1,1,1,0,1,0,3.25
310,1125,840,2013,214,72,5,1,1,1,0,1,0,3
311,1355,840,2014,862,70,3,1,0,0,0,1,0,4
312,1255,840,2014,84,70,3,1,0,0,0,1,0,3.75
313,1462,840,2015,214,68,3,1,0,0,0,1,0,3.75
314,1868,840,2016,558,70,3,1,0,0,0,1,0,3.75
315,1868,840,2016,862,70,3,1,0,0,0,1,0,3.5
316,1984,840,2017,218,75,3,1,0,0,0,1,0,3.75
317,1980,840,2017,214,70,3,1,0,0,0,1,0,3.25
318,2096,840,2018,68,70,3,1,0,0,0,1,0,4
319,1514,840,2015,320,70,2,0,0,0,0,1,0,3.5
320,1514,840,2015,214,80,3,1,0,0,0,1,0,3.25
321,1518,840,2015,84,80,3,1,0,0,0,1,0,3.25
322,1518,840,2015,450,60,3,1,0,0,0,1,0,3.25
323,1514,840,2015,214,60,3,1,0,0,0,1,0,3
324,1518,840,2015,450,80,3,1,0,0,0,1,0,2.75
325,1149,840,2013,388,70,4,1,1,0,0,1,0,3
326,1231,36,2014,214,70,3,1,0,0,0,1,0,3.5
327,1231,36,2014,218,72,3,1,0,0,0,1,0,3.5
328,1231,36,2014,450,72,3,1,0,0,0,1,0,3
329,1235,36,2014,780,68,3,1,0,0,0,1,0,2.75
330,1638,643,2015,218,70,2,0,0,0,0,1,0,3.25
331,1181,840,2013,214,68,3,1,0,0,0,1,0,2.75
332,2052,826,2018,320,70,3,1,0,0,0,1,0,3
333,2052,826,2018,68,70,3,1,0,0,0,1,0,2.5
334,1299,840,2014,218,72,3,1,0,0,0,1,0,3.5
335,1299,840,2014,780,72,3,1,0,0,0,1,0,3.25
336,1303,840,2014,84,72,3,1,0,0,0,1,0,3.25
337,1303,840,2014,0,72,3,1,0,0,0,1,0,3.25
338,1323,840,2014,218,60,3,1,0,0,0,1,0,2.5
339,2314,408,2019,218,70,2,0,0,0,0,1,0,3
340,2274,158,2019,608,70,2,0,0,0,0,0,1,3.5
341,2274,158,2019,158,70,2,0,0,0,0,0,1,3.25
342,2266,124,2019,68,70,4,1,0,1,0,1,0,3.75
343,2266,124,2019,320,70,4,1,0,1,0,1,0,3.5
344,2330,124,2019,320,70,4,1,0,1,0,1,0,3
345,1606,630,2015,630,70,2,0,0,0,0,1,0,2.5
346,502,840,2010,214,75,2,0,0,0,0,1,0,2.75
347,502,840,2010,214,75,2,0,0,0,0,1,0,2.5
348,600,840,2010,862,75,2,0,0,0,0,1,0,2.25
349,1215,840,2014,604,75,2,0,0,0,0,1,0,2.5
350,147,250,2007,484,66,5,1,1,1,0,1,0,3
351,141,250,2007,862,72,5,1,1,1,0,1,0,2
352,300,250,2008,834,75,5,1,1,1,0,1,0,2
353,586,250,2010,214,70,5,1,1,1,0,1,0,3
354,1716,250,2016,332,65,5,1,1,1,0,1,0,3.5
355,2226,756,2018,170,72,2,0,0,0,0,1,0,3.75
356,2230,756,2018,170,72,2,0,0,0,0,1,0,3
357,2226,756,2018,170,72,2,0,0,0,0,1,0,2.5
358,1395,862,2014,862,70,2,0,0,0,0,1,0,3.75
359,1391,862,2014,862,75,2,0,0,0,0,1,0,3.5
360,1391,862,2014,862,74,2,0,0,0,0,1,0,3.25
361,1391,862,2014,862,75,2,0,0,0,0,1,0,2.5
362,1688,862,2015,862,77,2,0,0,0,0,1,0,3.5
363,1668,862,2015,862,74,2,0,0,0,0,1,0,3.25
364,1692,862,2015,862,75,2,0,0,0,0,1,0,3.25
365,2238,862,2018,862,75,2,0,0,0,0,1,0,2.75
366,2278,862,2019,862,70,2,0,0,0,0,1,0,3
367,2278,862,2019,862,75,2,0,0,0,0,1,0,2.5
368,1430,170,2014,170,64,4,1,0,1,0,1,0,3.5
369,1430,170,2014,170,70,4,1,0,1,0,1,0,3.5
370,1434,170,2014,170,70,4,1,0,1,0,1,0,3.25
371,1434,170,2014,170,69,4,1,0,1,0,1,0,2.75
372,1662,170,2015,170,72,3,1,0,0,0,1,0,3.75
373,1816,170,2016,170,71,3,1,0,0,0,1,0,3.75
374,1816,170,2016,170,74,3,1,0,0,0,1,0,3.75
375,1860,840,2016,340,70,4,1,0,1,0,1,0,3.5
376,641,840,2011,214,66,2,0,0,0,0,1,0,3.75
377,647,840,2011,214,65,2,0,0,0,0,1,0,3.25
378,641,840,2011,214,72,2,0,0,0,0,1,0,3
379,991,840,2012,214,72,2,0,0,0,0,1,0,3.75
380,336,724,2009,484,70,4,1,0,1,0,1,0,4
381,346,724,2009,484,70,4,1,0,1,0,1,0,4
382,523,724,2010,598,71,4,1,0,1,0,1,0,4
383,523,724,2010,218,71,4,1,0,1,0,1,0,3.75
384,508,724,2010,450,71,4,1,0,1,0,1,0,3.5
385,537,724,2010,862,71,4,1,0,1,0,1,0,3.5
386,537,724,2010,862,77,4,1,0,1,0,1,0,3.5
387,537,724,2010,308,71,4,1,0,1,0,1,0,3.25
388,1908,724,2016,178,70,4,1,0,1,0,1,0,3.5
389,1684,392,2015,704,70,2,0,0,0,0,1,0,3.5
390,1684,392,2015,604,70,2,0,0,0,0,1,0,3.25
391,1684,392,2015,450,70,2,0,0,0,0,1,0,3
392,2378,604,2019,604,70,2,0,0,0,0,1,0,3
393,1173,604,2013,604,70,2,0,0,0,0,1,0,3.25
394,237,218,2008,218,63,4,1,0,1,0,1,0,3.5
395,237,218,2008,218,71,4,1,0,1,0,1,0,3.5
396,245,218,2008,218,82,4,1,0,1,0,1,0,2.5
397,259,218,2008,218,91,4,1,0,1,0,1,0,1.5
398,765,380,2011,780,70,2,0,0,0,0,1,0,2.5
399,749,380,2011,678,78,2,0,0,0,0,1,0,2.25
400,809,380,2012,862,80,2,0,0,0,0,1,0,3
401,1185,380,2013,218,100,1,0,0,0,0,0,0,3.5
402,1442,380,2014,0,70,2,0,0,0,0,1,0,3.5
403,1442,380,2014,214,72,2,0,0,0,0,1,0,3
404,1442,380,2014,192,75,2,0,0,0,0,1,0,2.5
405,1808,840,2016,76,70,3,1,0,0,0,1,0,3.25
406,1804,840,2016,862,70,3,1,0,0,0,1,0,3
407,1808,840,2016,68,75,3,1,0,0,0,1,0,3
408,1804,840,2016,834,73,3,1,0,0,0,1,0,2.75
409,1804,840,2016,862,75,3,1,0,0,0,1,0,2.5
410,269,218,2008,218,55,4,1,0,1,0,1,0,3.5
411,269,218,2008,218,55,4,1,0,1,0,1,0,3.25
412,266,218,2008,218,55,4,1,0,1,0,1,0,3
413,245,218,2008,218,77,4,1,0,1,0,1,0,2.75
414,237,218,2008,218,77,4,1,0,1,0,1,0,2.5
415,237,218,2008,218,77,4,1,0,1,0,1,0,2
416,1263,554,2014,598,70,3,1,0,0,0,1,0,3.75
417,1263,554,2014,598,70,3,1,0,0,0,1,0,3.5
418,841,188,2012,188,72,2,0,0,0,0,1,0,3
419,845,188,2012,188,80,2,0,0,0,0,1,0,2.75
420,1582,188,2015,320,72,3,1,0,0,0,1,0,3.5
421,1586,188,2015,188,72,2,0,0,0,0,1,0,3.5
422,1586,188,2015,188,72,2,0,0,0,0,1,0,3.25
423,1888,170,2016,170,65,3,1,0,0,0,1,0,3.5
424,1888,170,2016,170,65,3,1,0,0,0,1,0,3.5
425,1888,170,2016,170,65,3,1,0,0,0,1,0,3.25
426,1888,170,2016,170,65,3,1,0,0,0,1,0,3.25
427,1884,170,2016,170,65,3,1,0,0,0,1,0,3
428,2154,840,2018,0,75,2,0,0,0,0,1,0,2
429,2402,76,2019,76,65,2,0,0,0,0,1,0,3.25
430,2394,76,2019,76,71,2,0,0,0,0,1,0,3
431,1101,840,2013,214,73,2,0,0,0,0,1,0,3.5
432,1105,840,2013,862,70,3,1,0,0,0,1,0,3.25
433,1109,840,2013,558,72,3,1,0,0,0,1,0,3.25
434,1101,840,2013,68,70,3,1,0,0,0,1,0,3
435,1153,840,2013,862,72,3,1,0,0,0,1,0,3
436,1153,840,2013,604,70,3,1,0,0,0,1,0,2.75
437,1105,840,2013,604,70,3,1,0,0,0,1,0,2.5
438,1347,840,2014,170,72,3,1,0,0,0,1,0,3.5
439,1371,840,2014,170,76,3,1,0,0,0,1,0,3.5
440,1407,840,2014,214,70,3,1,0,0,0,1,0,2.75
441,1570,840,2015,214,70,3,1,0,0,0,1,0,3.75
442,1570,840,2015,340,72,3,1,0,0,0,1,0,3.5
443,1574,840,2015,862,72,3,1,0,0,0,1,0,3.5
444,1724,840,2016,84,72,3,1,0,0,0,1,0,4
445,1956,840,2017,862,70,2,0,0,0,0,1,0,3.25
446,2314,840,2019,484,70,3,1,0,0,0,1,0,3.75
447,2354,840,2019,630,70,3,1,0,0,0,1,0,3.5
448,1251,840,2014,68,70,3,1,0,0,0,1,0,3
449,1247,840,2014,604,70,3,1,0,0,0,1,0,2.75
450,1251,840,2014,862,70,3,1,0,0,0,1,0,2.75
451,1247,840,2014,218,70,3,1,0,0,0,1,0,2.5
452,1426,124,2014,800,70,3,1,0,0,0,1,0,2.75
453,2028,250,2017,68,74,2,0,0,0,0,1,0,3
454,2238,250,2018,862,68,3,1,0,0,0,1,0,3.5
455,1900,840,2016,84,70,3,1,0,0,0,1,0,3.25
456,252,218,2008,218,75,3,1,0,0,0,1,0,3
457,486,218,2010,218,55,3,1,0,0,0,1,0,2.75
458,1235,840,2014,188,70,3,1,0,0,0,1,0,3.5
459,2202,840,2018,604,72,3,1,0,0,0,1,0,3
460,2422,840,2019,218,72,3,1,0,0,0,1,0,3.5
461,1454,826,2015,218,70,3,1,0,0,0,1,0,3.25
462,1407,276,2014,84,82,2,0,0,0,0,1,0,3.25
463,1407,276,2014,84,75,2,0,0,0,0,1,0,3
464,1696,408,2015,458,70,2,0,0,0,0,1,0,3.5
465,1696,408,2015,704,70,2,0,0,0,0,1,0,2.75
466,2298,348,2019,214,71,3,1,0,0,0,1,0,3.25
467,2298,348,2019,558,72,3,1,0,0,0,1,0,2.5
468,1482,826,2015,604,65,2,0,0,0,0,1,0,2.75
469,1482,826,2015,604,65,2,0,0,0,0,1,0,2.5
470,1514,826,2015,214,80,2,0,0,0,0,1,0,2.5
471,2442,826,2019,450,74,2,0,0,0,0,1,0,3
472,647,840,2011,450,70,2,0,0,0,0,1,0,3.75
473,647,840,2011,862,68,2,0,0,0,0,1,0,3.75
474,1772,840,2016,604,90,2,0,0,0,0,0,1,2.5
475,1772,840,2016,0,80,2,0,0,0,0,0,1,2.5
476,1764,840,2016,218,70,2,0,0,0,0,1,0,3.25
477,1764,840,2016,214,60,2,0,0,0,0,1,0,3
478,1764,840,2016,214,75,2,0,0,0,0,1,0,3
479,1764,840,2016,862,80,2,0,0,0,0,1,0,3
480,1760,840,2016,800,70,2,0,0,0,0,1,0,2.75
481,1768,840,2016,558,80,2,0,0,0,0,1,0,2.75
482,1760,840,2016,68,70,2,0,0,0,0,1,0,2.5
483,1259,840,2014,604,74,3,1,0,0,0,0,1,2.75
484,1530,528,2015,604,80,3,1,0,0,0,1,0,3.75
485,1530,528,2015,178,68,3,1,0,0,0,1,0,3.5
486,1530,528,2015,214,75,3,1,0,0,0,1,0,3.25
487,919,826,2012,450,72,3,1,0,0,0,1,0,3.25
488,919,826,2012,604,68,3,1,0,0,0,1,0,2.75
489,919,826,2012,218,82,3,1,0,0,0,1,0,2.5
490,1121,826,2013,604,70,2,0,0,0,0,1,0,3.75
491,1582,826,2015,604,69,3,1,0,0,0,1,0,3.75
492,1582,826,2015,862,80,2,0,0,0,0,1,0,3.75
493,2294,56,2019,356,70,3,1,0,0,0,1,0,3
494,1219,124,2014,484,70,4,1,1,0,0,1,0,2.5
495,2080,840,2018,320,76,2,0,0,0,0,1,0,2.75
496,2080,840,2018,604,70,2,0,0,0,0,1,0,2.75
497,2080,840,2018,356,63,3,1,0,0,0,1,0,2.5
498,117,724,2007,0,70,4,1,0,1,0,1,0,3
499,117,724,2007,218,71,4,1,0,1,0,1,0,2.5
500,117,724,2007,308,71,4,1,0,1,0,1,0,2.5
501,209,724,2008,862,71,4,1,0,1,0,1,0,3.5
502,439,724,2009,0,60,4,1,0,1,0,1,0,3.25
503,439,724,2009,0,75,4,1,0,1,0,1,0,3.25
504,478,724,2010,450,71,4,1,0,1,0,1,0,3.5
505,478,724,2010,484,71,4,1,0,1,0,1,0,3.25
506,1522,840,2015,484,65,2,0,0,0,0,1,0,2.5
507,1522,840,2015,484,75,2,0,0,0,0,1,0,2.5
508,377,124,2009,76,70,4,1,1,0,0,1,0,3
509,377,124,2009,76,80,4,1,1,0,0,1,0,3
510,377,124,2009,862,70,4,1,1,0,0,1,0,3
511,377,124,2009,484,70,4,1,1,0,0,1,0,2.75
512,377,124,2009,862,80,4,1,1,0,0,1,0,2.5
513,1149,474,2013,474,42,4,0,1,1,0,1,0,2.75
514,1832,124,2016,484,75,3,1,0,0,0,1,0,3.25
515,2250,604,2018,604,70,2,0,0,0,0,1,0,2.75
516,2226,840,2018,604,75,3,1,0,0,0,1,0,3.75
517,2310,840,2019,76,70,3,1,0,0,0,1,0,4
518,2306,840,2019,214,72,3,1,0,0,0,1,0,3.75
519,2310,840,2019,218,73,3,1,0,0,0,1,0,3.5
520,2310,840,2019,834,72,3,1,0,0,0,1,0,3.5
521,2310,840,2019,188,70,3,1,0,0,0,1,0,3.25
522,2314,840,2019,704,72,3,1,0,0,0,1,0,3
523,445,840,2009,862,61,5,1,1,1,0,1,0,3
524,486,840,2010,862,77,3,1,0,0,0,1,0,2.75
525,227,678,2008,0,75,3,1,0,0,0,1,0,3.75
526,209,678,2008,0,80,3,1,0,0,0,1,0,3
527,470,678,2010,0,73.5,2,0,0,0,0,1,0,3.75
528,1486,840,2015,218,73,2,0,0,0,0,1,0,3.5
529,2474,124,2020,604,70,3,1,0,0,0,1,0,3.5
530,2402,662,2019,662,70,4,1,1,0,0,1,0,2.25
531,1646,840,2015,450,75,4,1,1,0,0,1,0,3
532,1630,840,2015,218,76,2,0,0,0,0,1,0,3.5
533,1916,840,2016,704,78,2,0,0,0,0,1,0,2.75
534,196,276,2007,450,72,3,1,0,0,0,1,0,3
535,220,276,2008,484,72,3,1,0,0,0,1,0,3
536,220,276,2008,862,72,3,1,0,0,0,1,0,3
537,451,276,2009,862,70,3,1,0,0,0,1,0,3.75
538,451,276,2009,862,70,3,1,0,0,0,1,0,3.5
539,445,276,2009,604,62,3,1,0,0,0,1,0,3.25
540,341,276,2009,604,72,3,1,0,0,0,1,0,3
541,470,276,2010,308,72,3,1,0,0,0,1,0,3.25
542,558,276,2010,388,72,3,1,0,0,0,1,0,3.25
543,558,276,2010,862,72,3,1,0,0,0,1,0,3.25
544,478,276,2010,862,70,3,1,0,0,0,1,0,3
545,558,276,2010,780,72,3,1,0,0,0,1,0,3
546,558,276,2010,218,72,3,1,0,0,0,1,0,2.5
547,821,276,2012,0,72,3,1,0,0,0,1,0,3.75
548,813,276,2012,288,85,3,1,0,0,0,1,0,3.5
549,959,276,2012,450,70,3,1,0,0,0,1,0,3.5
550,1169,276,2013,218,65,4,1,0,1,0,1,0,3.25
551,1984,276,2017,288,75,3,1,0,0,0,1,0,3.75
552,975,36,2012,598,75,3,1,0,0,0,1,0,3.5
553,971,36,2012,834,75,3,1,0,0,0,1,0,3.25
554,975,36,2012,76,65,3,1,0,0,0,1,0,3.25
555,975,36,2012,242,67,3,1,0,0,0,1,0,3.25
556,975,36,2012,548,64,3,1,0,0,0,1,0,3.25
557,1335,36,2014,548,83,3,1,0,0,0,1,0,2.75
558,1283,36,2014,598,70,3,1,0,0,0,1,0,2.5
559,1736,840,2016,218,73,3,1,0,0,0,1,0,3.75
560,1736,840,2016,218,85,3,1,0,0,0,1,0,3.25
561,2466,840,2020,340,70,2,0,0,0,0,1,0,3.5
562,2466,840,2020,214,70,2,0,0,0,0,1,0,3.25
563,2466,840,2020,170,70,2,0,0,0,0,1,0,3.25
564,785,36,2011,36,70,5,1,1,1,0,1,0,3.25
565,1654,36,2015,36,70,3,1,0,0,0,1,0,2.75
566,1928,840,2017,214,72,2,0,0,0,0,1,0,2.75
567,1610,826,2015,218,70,3,1,0,0,0,1,0,3.5
568,1610,826,2015,780,70,3,1,0,0,0,1,0,3
569,1666,826,2015,558,70,3,1,0,0,0,1,0,2.75
570,1666,826,2015,308,70,3,1,0,0,0,1,0,2.25
571,2064,826,2018,0,65,4,1,0,1,0,1,0,2.5
572,915,840,2012,214,70,2,0,0,0,0,1,0,3.75
573,805,840,2012,170,70,2,0,0,0,0,1,0,3.25
574,805,840,2012,188,70,2,0,0,0,0,1,0,3
575,1085,840,2013,862,70,2,0,0,0,0,1,0,3.5
576,1153,840,2013,598,70,2,0,0,0,0,1,0,3.5
577,1026,840,2013,862,70,2,0,0,0,0,1,0,3.25
578,1026,840,2013,862,70,2,0,0,0,0,1,0,2.75
579,1387,840,2014,214,70,2,0,0,0,0,1,0,3.75
580,1219,840,2014,84,70,2,0,0,0,0,1,0,3.5
581,1295,840,2014,218,70,2,0,0,0,0,1,0,3.5
582,1303,840,2014,430,70,2,0,0,0,0,1,0,2.75
583,1446,840,2015,84,70,2,0,0,0,0,1,0,3
584,1816,840,2016,214,70,2,0,0,0,0,1,0,3.75
585,2024,840,2017,188,70,2,0,0,0,0,1,0,3
586,2178,840,2018,356,70,2,0,0,0,0,1,0,3.5
587,2178,840,2018,340,70,2,0,0,0,0,1,0,3.25
588,2178,840,2018,694,70,2,0,0,0,0,1,0,3
589,2386,840,2019,704,70,2,0,0,0,0,1,0,3.5
590,654,840,2011,214,70,2,0,0,0,0,1,0,3.25
591,654,840,2011,450,70,2,0,0,0,0,1,0,3.25
592,654,840,2011,834,70,2,0,0,0,0,1,0,3.25
593,423,320,2009,320,60,4,1,1,0,0,1,0,3.25
594,423,320,2009,320,75,4,1,1,0,0,1,0,3
595,661,320,2011,320,60,4,1,1,0,0,1,0,3.5
596,987,320,2012,320,70,2,0,0,0,0,1,0,4
597,987,320,2012,320,70,2,0,0,0,0,1,0,3.75
598,987,320,2012,450,70,2,0,0,0,0,1,0,3.75
599,991,320,2012,320,70,2,0,0,0,0,1,0,3.25
600,987,320,2012,862,75,4,1,1,0,0,1,0,3
601,1223,320,2014,320,82,4,1,1,0,0,1,0,3.25
602,1920,840,2016,0,70,2,0,0,0,0,1,0,3.25
603,1920,840,2016,704,72,2,0,0,0,0,1,0,3
604,1920,840,2016,862,72,2,0,0,0,0,1,0,2.75
605,2342,56,2019,704,70,4,1,0,1,0,1,0,3.25
606,2342,56,2019,604,72,4,1,0,1,0,1,0,3
607,1550,840,2015,862,70,3,1,0,0,0,1,0,3.25
608,1554,840,2015,218,70,3,1,0,0,0,1,0,3.25
609,1550,840,2015,450,70,3,1,0,0,0,1,0,3
610,1554,840,2015,834,70,3,1,0,0,0,1,0,3
611,1708,840,2016,68,75,3,1,0,0,0,1,0,3.25
612,907,840,2012,0,58,4,1,0,1,0,1,0,3.25
613,1093,840,2013,214,70,4,1,0,1,0,1,0,2.75
614,1093,840,2013,862,70,4,1,0,1,0,1,0,2.75
615,1093,840,2013,288,70,4,1,0,1,0,1,0,2.5
616,1462,76,2015,76,72,3,1,0,0,0,1,0,3.5
617,1462,76,2015,76,65,3,1,0,0,0,1,0,3.5
618,1832,710,2016,450,70,3,1,0,0,0,1,0,3
619,1832,710,2016,800,70,3,1,0,0,0,1,0,2.5
620,175,840,2007,188,64,4,1,1,0,0,1,0,3
621,175,840,2007,218,71,4,1,1,0,0,1,0,3
622,175,840,2007,288,60,4,1,1,0,0,1,0,3
623,180,840,2007,598,64,4,1,1,0,0,1,0,3
624,180,840,2007,604,64,4,1,1,0,0,1,0,3
625,170,840,2007,450,66,4,1,1,0,0,1,0,2.5
626,263,250,2008,862,66,4,1,1,0,0,1,0,3.75
627,423,250,2009,598,64,4,1,1,0,0,1,0,3
628,2222,214,2018,214,80,2,0,0,0,0,1,0,3
629,2222,214,2018,214,70,2,0,0,0,0,1,0,2.6
630,2222,214,2018,214,70,2,0,0,0,0,1,0,2.5
631,1916,124,2016,834,72,2,0,0,0,0,1,0,2.5
632,2422,124,2019,320,72,2,0,0,0,0,1,0,3
633,166,840,2007,188,77,2,0,0,0,0,1,0,3.5
634,166,840,2007,214,77,2,0,0,0,0,1,0,3.5
635,241,840,2008,68,80,2,0,0,0,0,1,0,2.75
636,769,840,2011,218,70,2,0,0,0,0,1,0,3.25
637,769,840,2011,214,74,2,0,0,0,0,1,0,3
638,661,840,2011,450,80,2,0,0,0,0,1,0,2.75
639,682,840,2011,862,75,2,0,0,0,0,1,0,2.75
640,895,840,2012,68,75,2,0,0,0,0,1,0,2.75
641,1193,840,2013,218,76,2,0,0,0,0,1,0,3.5
642,1034,840,2013,218,70,2,0,0,0,0,1,0,3.25
643,1235,840,2014,214,74,2,0,0,0,0,1,0,3.5
644,1634,840,2015,68,70,2,0,0,0,0,1,0,3.75
645,1864,840,2016,704,78,2,0,0,0,0,1,0,3.5
646,2016,840,2017,90,72,2,0,0,0,0,1,0,4
647,1952,840,2017,320,70,2,0,0,0,0,1,0,3.75
648,1972,840,2017,76,75,2,0,0,0,0,1,0,3.75
649,2258,840,2018,242,80,2,0,0,0,0,1,0,3.75
650,2270,840,2019,84,72,2,0,0,0,0,1,0,4
651,2434,840,2019,450,72,2,0,0,0,0,1,0,3.75
652,2466,840,2020,0,73,2,0,0,0,0,1,0,3.5
653,2402,678,2019,678,65,4,1,0,1,0,1,0,3
654,2406,678,2019,678,75,4,1,0,1,0,1,0,3
655,2402,678,2019,678,70,4,1,0,1,0,1,0,2.75
656,2406,678,2019,678,75,4,1,0,1,0,1,0,2.5
657,1407,826,2014,558,72,3,1,0,0,0,1,0,3.5
658,1371,826,2014,591,72,3,1,0,0,0,1,0,3.25
659,1371,826,2014,862,72,3,1,0,0,0,1,0,3.25
660,1688,826,2015,862,85,3,1,0,0,0,1,0,3
661,63,56,2006,0,70,3,0,0,1,0,1,0,1.5
662,304,56,2008,0,88,3,0,0,1,0,1,0,3
663,87,380,2006,862,70,2,0,0,0,0,1,0,3.5
664,87,380,2006,604,70,2,0,0,0,0,1,0,3.25
665,87,380,2006,862,70,2,0,0,0,0,1,0,3
666,111,380,2007,862,70,2,0,0,0,0,1,0,4
667,192,380,2007,218,70,2,0,0,0,0,1,0,4
668,192,380,2007,862,70,2,0,0,0,0,1,0,4
669,192,380,2007,360,70,2,0,0,0,0,1,0,3.75
670,135,380,2007,450,70,2,0,0,0,0,1,0,3.5
671,192,380,2007,450,70,2,0,0,0,0,1,0,3.5
672,129,380,2007,862,75,2,0,0,0,0,1,0,3.25
673,135,380,2007,862,60,2,0,0,0,0,1,0,3.25
674,272,380,2008,0,70,2,0,0,0,0,1,0,3.75
675,272,380,2008,0,78,2,0,0,0,0,1,0,3.5
676,227,380,2008,862,70,2,0,0,0,0,1,0,3
677,272,380,2008,170,70,2,0,0,0,0,1,0,3
678,470,380,2010,862,70,2,0,0,0,0,1,0,3
679,693,380,2011,862,70,2,0,0,0,0,1,0,3.5
680,863,380,2012,862,70,2,0,0,0,0,1,0,3.75
681,863,380,2012,834,70,2,0,0,0,0,1,0,3.5
682,1672,380,2015,218,70,2,0,0,0,0,1,0,3.75
683,1672,380,2015,862,70,2,0,0,0,0,1,0,3.75
684,2040,380,2018,834,70,2,0,0,0,0,1,0,4
685,1676,826,2015,170,80,3,1,0,0,0,1,0,2.75
686,1676,826,2015,450,77,3,1,0,0,0,1,0,2.75
687,1672,826,2015,862,70,3,1,0,0,0,1,0,2.5
688,1880,826,2016,308,75,3,1,0,0,0,0,1,2.75
689,2052,826,2018,320,72,3,1,0,0,0,0,1,3.5
690,2096,826,2018,604,80,2,0,0,0,0,0,1,3.5
691,2052,826,2018,608,71.5,3,1,0,0,0,0,1,2.75
692,2390,840,2019,214,75,2,0,0,0,0,1,0,3
693,2390,840,2019,834,70,2,0,0,0,0,1,0,2.75
694,2390,840,2019,214,75,2,0,0,0,0,1,0,2.5
695,516,826,2010,218,72,3,1,0,0,0,1,0,3.75
696,523,826,2010,604,70,3,1,0,0,0,1,0,3.75
697,516,826,2010,591,70,3,1,0,0,0,1,0,3.5
698,523,826,2010,218,70,3,1,0,0,0,1,0,2.5
699,623,826,2011,340,72,3,1,0,0,0,1,0,3.75
700,661,826,2011,214,65,3,1,0,0,0,1,0,3.5
701,765,826,2011,862,71,3,1,0,0,0,1,0,3.5
702,697,826,2011,558,71,3,1,0,0,0,1,0,3.25
703,697,826,2011,591,72,3,1,0,0,0,1,0,3
704,923,826,2012,862,72,3,1,0,0,0,1,0,3.75
705,1331,826,2014,558,76,4,1,0,1,0,1,0,3.75
706,1331,826,2014,558,70,4,1,0,1,0,1,0,3.5
707,1662,826,2015,320,70,4,1,0,1,0,1,0,4
708,1964,826,2017,566,70,4,1,0,1,0,1,0,2.75
709,2100,826,2018,320,80,4,1,0,1,0,1,0,3.25
710,2366,826,2019,608,70,4,1,0,1,0,1,0,3.5
711,1506,840,2015,214,70,2,0,0,0,0,1,0,3.25
712,1630,840,2015,218,70,3,1,0,0,0,1,0,4
713,1626,840,2015,604,70,3,1,0,0,0,1,0,3.5
714,1626,840,2015,862,70,3,1,0,0,0,1,0,3.5
715,1630,840,2015,214,70,3,1,0,0,0,1,0,3.25
716,1630,840,2015,862,70,3,1,0,0,0,1,0,3.25
717,2040,840,2018,604,70,3,1,0,0,0,1,0,4
718,1343,124,2014,214,70,3,1,0,0,0,1,0,3.75
719,1343,124,2014,450,70,3,1,0,0,0,1,0,3.5
720,1343,124,2014,604,70,3,1,0,0,0,1,0,3.25
721,1812,124,2016,170,70,3,1,0,0,0,1,0,3.25
722,1812,124,2016,170,70,3,1,0,0,0,1,0,3.25
723,919,840,2012,604,72,3,1,0,0,0,1,0,2.75
724,2358,840,2019,604,80,2,0,0,0,0,1,0,3.5
725,1876,276,2016,862,68,2,0,0,0,0,1,0,3
726,252,68,2008,68,71,4,1,0,1,0,1,0,2.75
727,709,68,2011,68,75,4,1,0,1,0,1,0,3.75
728,32,862,2006,862,70,5,1,1,1,0,1,0,2.75
729,206,862,2008,862,61,5,1,1,1,0,1,0,3
730,206,862,2008,862,74,5,1,1,1,0,1,0,2.5
731,206,862,2008,862,58,5,1,1,1,0,1,0,2.5
732,439,862,2009,862,70,5,1,1,1,0,1,0,3
733,439,862,2009,862,60.5,5,1,1,1,0,1,0,2.75
734,1662,862,2015,862,70,5,1,1,1,0,1,0,3.75
735,2382,840,2019,320,70,3,1,0,0,0,1,0,3.5
736,1137,662,2013,662,70,2,0,0,0,0,1,0,3.25
737,1137,662,2013,662,60,2,0,0,0,0,1,0,2.75
738,1454,392,2015,604,78,3,1,0,0,0,1,0,3.5
739,1450,392,2015,862,79,3,1,0,0,0,1,0,3
740,2108,250,2018,332,70,2,0,0,0,0,1,0,3.5
741,2108,250,2018,320,70,2,0,0,0,0,1,0,3.5
742,2118,250,2018,450,70,2,0,0,0,0,1,0,3.5
743,2114,250,2018,214,70,2,0,0,0,0,1,0,3.25
744,1916,840,2016,340,75,2,0,0,0,0,1,0,3.25
745,2198,840,2018,704,72,2,0,0,0,0,1,0,3
746,2350,840,2019,780,72,3,1,0,0,0,1,0,3.5
747,2350,840,2019,834,80,3,1,0,0,0,1,0,3
748,2350,840,2019,694,70,3,1,0,0,0,1,0,2.5
749,1205,250,2014,704,70,3,1,0,0,0,1,0,3.25
750,1209,250,2014,704,74,3,1,0,0,0,1,0,3.25
751,1209,250,2014,704,80,3,1,0,0,0,1,0,3
752,252,840,2008,862,72,4,1,1,0,0,1,0,3
753,423,840,2009,862,81,4,1,1,0,0,1,0,3.5
754,431,840,2009,0,74,4,1,1,0,0,1,0,2.75
755,414,840,2009,188,65,4,1,1,0,0,1,0,2
756,903,840,2012,862,70,4,1,1,0,0,1,0,2.75
757,666,840,2011,0,62,4,1,1,0,0,1,0,2.75
758,666,840,2011,0,55,4,1,1,0,0,1,0,2.5
759,666,840,2011,780,55,4,1,1,0,0,1,0,2.5
760,666,840,2011,862,70,4,1,1,0,0,1,0,2.5
761,672,840,2011,0,62,4,1,1,0,0,1,0,2.5
762,1275,840,2014,214,80,3,1,0,0,0,1,0,3.75
763,1275,840,2014,218,80,3,1,0,0,0,1,0,3.5
764,1275,840,2014,84,80,3,1,0,0,0,1,0,3
765,2142,840,2018,320,80,3,1,0,0,0,1,0,3.5
766,2450,840,2019,604,73,3,1,0,0,0,1,0,3
767,565,840,2010,76,75,2,0,0,0,0,1,0,2.75
768,1732,620,2016,388,76,2,0,0,0,0,1,0,3
769,1736,620,2016,84,76,2,0,0,0,0,1,0,2.75
770,1736,620,2016,862,76,2,0,0,0,0,1,0,2.5
771,56,756,2006,68,68,5,1,1,1,0,1,0,4
772,48,756,2006,218,72,5,1,1,1,0,1,0,3.5
773,48,756,2006,450,64,5,1,1,1,0,1,0,3
774,48,756,2006,862,65,5,1,1,1,0,1,0,3
775,105,756,2006,214,74,5,1,1,1,0,1,0,3
776,105,756,2006,0,62,5,1,1,1,0,1,0,2
777,494,756,2010,308,58,5,1,1,1,0,1,0,3.5
778,1283,840,2014,214,70,3,1,0,0,0,1,0,3.25
779,1283,840,2014,214,80,3,1,0,0,0,1,0,3
780,1287,840,2014,214,85,3,1,0,0,0,1,0,2.5
781,1283,840,2014,630,65,3,1,0,0,0,1,0,2.25
782,2486,124,2020,0,70,3,1,0,0,0,1,0,3.25
783,2478,124,2020,484,70,3,1,0,0,0,1,0,3
784,2474,124,2020,340,70,3,1,0,0,0,1,0,2.75
785,2482,124,2020,170,70,3,1,0,0,0,1,0,2.75
786,2398,826,2019,548,72,4,1,0,1,0,1,0,3.75
787,2394,826,2019,598,72,4,1,0,1,0,1,0,3.5
788,2398,826,2019,90,69,4,1,0,1,0,1,0,3.5
789,2398,826,2019,608,73,4,1,0,1,0,1,0,3.25
790,2150,840,2018,214,75,2,0,0,0,0,1,0,3.5
791,2154,840,2018,170,75,2,0,0,0,0,1,0,3
792,2154,840,2018,84,75,2,0,0,0,0,1,0,2.75
793,2154,840,2018,320,75,2,0,0,0,0,1,0,2.75
794,2206,578,2018,356,68,3,1,0,0,0,1,0,3.5
795,2206,578,2018,834,70,3,1,0,0,0,1,0,3.5
796,2202,578,2018,450,70,3,1,0,0,0,1,0,3
797,1267,826,2014,604,72,3,1,0,0,0,0,1,2.75
798,1776,630,2016,214,70,6,1,1,1,1,1,0,2.75
799,1776,630,2016,214,80,6,1,1,1,1,1,0,2.75
800,1776,702,2016,834,67,2,0,0,0,0,1,0,3.75
801,1776,702,2016,218,75,2,0,0,0,0,1,0,3.5
802,1772,702,2016,450,70,2,0,0,0,0,1,0,2.75
803,2072,702,2018,332,68,2,0,0,0,0,1,0,3.5
804,2072,702,2018,608,70,2,0,0,0,0,1,0,3.25
805,2072,702,2018,68,70,2,0,0,0,0,1,0,3
806,2072,702,2018,360,70,2,0,0,0,0,1,0,3
807,2076,702,2018,214,72,2,0,0,0,0,1,0,2.75
808,2430,702,2019,450,70,2,0,0,0,0,1,0,3.5
809,2430,702,2019,484,70,2,0,0,0,0,1,0,3
810,2322,554,2019,218,70,2,0,0,0,0,1,0,3.75
811,2326,554,2019,604,70,2,0,0,0,0,1,0,3.75
812,2318,554,2019,834,70,2,0,0,0,0,1,0,3.25
813,2318,554,2019,598,70,2,0,0,0,0,1,0,3
814,2322,554,2019,68,70,2,0,0,0,0,1,0,3
815,2322,554,2019,548,70,2,0,0,0,0,1,0,3
816,2322,554,2019,170,70,2,0,0,0,0,1,0,3
817,911,862,2012,862,70,3,1,0,0,0,1,0,3.75
818,915,862,2012,862,60,3,1,0,0,0,1,0,3.5
819,1355,862,2014,862,70,3,1,0,0,0,1,0,3.75
820,1355,862,2014,862,70,3,1,0,0,0,1,0,3.5
821,2118,862,2018,862,72,2,0,0,0,0,1,0,3.5
822,2100,862,2018,862,70,3,1,0,0,0,1,0,3.25
823,2100,862,2018,862,70,3,1,0,0,0,1,0,3
824,2122,862,2018,862,85,2,0,0,0,0,1,0,3
825,2044,862,2018,862,60,4,1,0,1,0,1,0,2.5
826,1351,56,2014,288,60,4,1,0,1,0,1,0,3.5
827,1351,56,2014,450,65,4,1,0,1,0,1,0,3.5
828,1538,56,2015,188,70,4,1,0,1,0,1,0,3.5
829,1538,56,2015,604,75,4,1,0,1,0,1,0,3.5
830,1542,56,2015,704,80,4,1,0,1,0,1,0,3
831,781,840,2011,604,70,2,0,0,0,0,1,0,3.5
832,785,840,2011,214,65,2,0,0,0,0,1,0,3.5
833,883,840,2012,604,66,2,0,0,0,0,0,1,3.5
834,883,840,2012,604,70,2,0,0,0,0,1,0,2.5
835,887,840,2012,604,81,2,0,0,0,0,0,1,2
836,1042,840,2013,604,66,2,0,0,0,0,1,0,3.5
837,1295,840,2014,558,68,2,0,0,0,0,1,0,3.25
838,1209,840,2014,188,80,2,0,0,0,0,1,0,3
839,1634,840,2015,320,73,2,0,0,0,0,1,0,3.5
840,1940,840,2017,604,70,2,0,0,0,0,1,0,3.5
841,2430,840,2019,356,71,3,1,0,0,0,1,0,3.25
842,370,840,2009,862,65,3,1,0,0,0,1,0,3.5
843,370,840,2009,388,70,3,1,0,0,0,1,0,3.25
844,370,840,2009,388,70,3,1,0,0,0,1,0,3
845,370,840,2009,388,80,3,1,0,0,0,1,0,2.75
846,745,840,2011,862,70,3,1,0,0,0,1,0,4
847,642,840,2011,214,72,3,1,0,0,0,1,0,3.5
848,642,840,2011,388,70,3,1,0,0,0,1,0,3.5
849,642,840,2011,388,70,3,1,0,0,0,1,0,3.25
850,682,840,2011,214,72,3,1,0,0,0,1,0,3.25
851,745,840,2011,862,76,3,1,0,0,0,1,0,3.25
852,688,840,2011,450,74,3,1,0,0,0,1,0,3
853,636,840,2011,288,74,3,1,0,0,0,1,0,2.75
854,682,840,2011,450,74,3,1,0,0,0,1,0,2.75
855,915,840,2012,450,74,3,1,0,0,0,1,0,4
856,927,840,2012,598,69,2,0,0,0,0,1,0,4
857,899,840,2012,598,69,2,0,0,0,0,1,0,3.5
858,899,840,2012,598,69,2,0,0,0,0,1,0,3.5
859,931,840,2012,598,69,2,0,0,0,0,1,0,3
860,1149,840,2013,604,70,3,1,0,0,0,1,0,4
861,1081,840,2013,214,72,3,1,0,0,0,1,0,3.75
862,1117,840,2013,604,70,3,1,0,0,0,1,0,3.75
863,1030,840,2013,214,72,3,1,0,0,0,1,0,3.25
864,1383,840,2014,604,70,3,1,0,0,0,1,0,3.5
865,1383,840,2014,604,70,3,1,0,0,0,1,0,3.5
866,1387,840,2014,604,70,3,1,0,0,0,1,0,3.5
867,1383,840,2014,604,70,3,1,0,0,0,1,0,3
868,2024,840,2017,320,70,3,1,0,0,0,1,0,3.75
869,2024,840,2017,320,70,3,1,0,0,0,1,0,3.5
870,2028,840,2017,320,70,3,1,0,0,0,1,0,3.5
871,2174,840,2018,862,72,3,1,0,0,0,1,0,3.5
872,2174,840,2018,862,72,3,1,0,0,0,1,0,3.25
873,2000,840,2017,834,70,2,0,0,0,0,1,0,3.75
874,2000,840,2017,76,70,2,0,0,0,0,1,0,3.5
875,1375,840,2014,604,70,2,0,0,0,0,1,0,4
876,1375,840,2014,84,70,2,0,0,0,0,1,0,3.5
877,1375,840,2014,450,70,2,0,0,0,0,1,0,3.5
878,1912,208,2016,558,70,2,0,0,0,0,1,0,3.5
879,1956,208,2017,558,70,3,1,0,0,0,1,0,3.75
880,2126,208,2018,320,70,3,1,0,0,0,1,0,4
881,2130,208,2018,558,70,3,1,0,0,0,1,0,4
882,2122,208,2018,558,70,3,1,0,0,0,1,0,3.75
883,2126,208,2018,558,70,3,1,0,0,0,1,0,3.75
884,2130,208,2018,558,70,3,1,0,0,0,1,0,3.75
885,2122,208,2018,558,68,3,1,0,0,0,1,0,3.5
886,2130,208,2018,558,70,3,1,0,0,0,1,0,3.5
887,2126,208,2018,558,70,3,1,0,0,0,1,0,3.25
888,2134,208,2018,558,70,3,1,0,0,0,1,0,3.25
889,2126,208,2018,558,60,3,1,0,0,0,1,0,3
890,2130,208,2018,558,70,3,1,0,0,0,1,0,3
891,623,208,2011,558,70,3,1,0,0,0,1,0,3.5
892,623,208,2011,558,70,3,1,0,0,0,1,0,3.5
893,623,208,2011,558,70,3,1,0,0,0,1,0,3.25
894,923,208,2012,558,70,3,1,0,0,0,1,0,3.75
895,895,208,2012,558,70,3,1,0,0,0,1,0,3.25
896,899,208,2012,340,70,3,1,0,0,0,1,0,3.25
897,899,208,2012,558,70,3,1,0,0,0,1,0,3.25
898,1034,208,2013,558,70,3,1,0,0,0,1,0,3.5
899,1034,208,2013,558,70,3,1,0,0,0,1,0,3.25
900,1259,208,2014,558,70,3,1,0,0,0,1,0,3.5
901,1680,208,2015,558,85,3,1,0,0,0,1,0,3.25
902,1680,208,2015,558,60,3,1,0,0,0,1,0,3
903,753,840,2011,188,66,3,1,0,0,0,1,0,3.25
904,781,840,2011,188,70,3,1,0,0,0,1,0,3
905,863,840,2012,604,70,3,1,0,0,0,1,0,2.5
906,1046,840,2013,214,70,3,1,0,0,0,1,0,3.75
907,1185,840,2013,218,75,3,1,0,0,0,1,0,3
908,1347,840,2014,780,70,3,1,0,0,0,1,0,3.75
909,1359,840,2014,604,76,3,1,0,0,0,1,0,3
910,1780,840,2016,188,74,2,0,0,0,0,1,0,4
911,1780,840,2016,68,74,2,0,0,0,0,1,0,3.75
912,2278,840,2019,450,74,2,0,0,0,0,1,0,3.75
913,2366,840,2019,170,85,2,0,0,0,0,1,0,3.5
914,2202,158,2018,862,70,3,1,0,0,0,1,0,3.5
915,2190,158,2018,450,70,2,0,0,0,0,1,0,3
916,2202,158,2018,834,70,2,0,0,0,0,1,0,3
917,2174,158,2018,158,70,3,1,0,0,0,1,0,2.5
918,1367,840,2014,840,85,3,0,1,0,0,1,0,2.5
919,1642,276,2015,288,70,4,1,0,1,0,1,0,4
920,1646,276,2015,214,70,4,1,0,1,0,1,0,3.5
921,1646,276,2015,214,80,4,1,0,1,0,1,0,3.5
922,1646,276,2015,450,75,4,1,0,1,0,1,0,3.5
923,1642,276,2015,450,65,4,1,0,1,0,1,0,3.25
924,2012,276,2017,662,77,3,1,0,0,0,1,0,3.5
925,2012,276,2017,862,75,3,1,0,0,0,1,0,3.5
926,2096,276,2018,320,72,3,1,0,0,0,1,0,2.75
927,2282,276,2019,862,75,3,1,0,0,0,1,0,2.75
928,1672,840,2015,76,66,2,0,0,0,0,1,0,3
929,1848,840,2016,84,70,2,0,0,0,0,1,0,3.5
930,2076,840,2018,862,70,2,0,0,0,0,1,0,3
931,2446,840,2019,188,73,3,1,0,0,0,1,0,3
932,2446,840,2019,170,73,3,1,0,0,0,1,0,2.5
933,1924,840,2016,320,77,3,1,0,0,0,1,0,3.25
934,1924,840,2016,558,77,3,1,0,0,0,1,0,3.25
935,1924,840,2016,484,77,3,1,0,0,0,1,0,2.75
936,2032,840,2017,604,70,3,1,0,0,0,1,0,3.25
937,2194,840,2018,84,70,2,0,0,0,0,1,0,2.75
938,741,704,2011,704,72,5,1,1,1,0,1,0,3
939,15,826,2006,0,70,5,1,1,1,0,1,0,2.5
940,1896,392,2016,450,70,2,0,0,0,0,1,0,3.5
941,2382,392,2019,604,73,2,0,0,0,0,1,0,2.5
942,241,308,2008,308,71,5,1,1,1,0,1,0,2.5
943,363,308,2009,308,60,5,1,1,1,0,1,0,2.75
944,494,308,2010,308,82,5,1,1,1,0,1,0,3.25
945,355,380,2009,0,64,4,1,0,1,0,1,0,3.25
946,355,380,2009,218,64,4,1,0,1,0,1,0,3
947,355,380,2009,288,64,4,1,0,1,0,1,0,3
948,355,380,2009,0,64,4,1,0,1,0,1,0,3
949,355,380,2009,862,76,4,1,0,1,0,1,0,3
950,2060,380,2018,450,70,4,1,0,1,0,1,0,2.75
951,87,840,2006,450,65,5,1,1,1,0,1,0,3.5
952,93,840,2006,218,65,5,1,1,1,0,1,0,3.5
953,93,840,2006,0,61,5,1,1,1,0,1,0,3.5
954,15,840,2006,170,65,5,1,1,1,0,1,0,3
955,99,840,2006,0,61,5,1,1,1,0,1,0,3
956,87,840,2006,862,65,5,1,1,1,0,1,0,2.5
957,147,840,2007,0,72,5,1,1,1,0,1,0,3.5
958,276,840,2008,862,65,5,1,1,1,0,1,0,3.5
959,259,840,2008,604,65,5,1,1,1,0,1,0,3
960,276,840,2008,0,64,5,1,1,1,0,1,0,3
961,387,840,2009,0,70,5,1,1,1,0,1,0,3.5
962,316,840,2009,840,55,5,1,1,1,0,1,0,3
963,387,840,2009,0,91,5,1,1,1,0,1,0,3
964,552,840,2010,780,65,5,1,1,1,0,1,0,3
965,654,840,2011,0,61,5,1,1,1,0,1,0,3.25
966,654,840,2011,0,72,5,1,1,1,0,1,0,3.25
967,654,840,2011,0,72,5,1,1,1,0,1,0,2.75
968,1053,840,2013,218,65,5,1,1,1,0,1,0,3.5
969,1053,840,2013,388,65,5,1,1,1,0,1,0,3.25
970,1053,840,2013,332,65,5,1,1,1,0,1,0,2.75
971,1053,840,2013,558,65,5,1,1,1,0,1,0,2.75
972,1602,840,2015,0,70,5,1,1,1,0,1,0,3.75
973,1197,124,2014,0,70,3,1,0,0,0,1,0,3.5
974,1197,124,2014,214,75,3,1,0,0,0,1,0,3.25
975,1201,124,2014,840,66,3,1,0,0,0,1,0,3.25
976,1201,124,2014,0,70,3,1,0,0,0,1,0,3
977,1201,124,2014,0,80,3,1,0,0,0,1,0,3
978,1197,124,2014,598,80,3,1,0,0,0,1,0,2.75
979,1197,124,2014,0,74,3,1,0,0,0,1,0,2.75
980,1201,124,2014,0,65,3,1,0,0,0,1,0,2.75
981,166,276,2007,218,77,4,1,1,0,0,1,0,2.5
982,1327,218,2014,218,70,4,1,0,1,0,1,0,3
983,1327,218,2014,218,55,4,1,0,1,0,1,0,2.75
984,1700,840,2015,76,77,3,1,0,0,0,1,0,3.5
985,1700,840,2015,76,74,3,1,0,0,0,1,0,3.5
986,1696,840,2015,76,67,3,1,0,0,0,1,0,3
987,1808,840,2016,76,85,3,1,0,0,0,1,0,3.25
988,2040,840,2018,76,75,3,1,0,0,0,1,0,3
989,2270,826,2019,704,70,3,1,0,0,0,1,0,3.25
990,2330,826,2019,356,70,3,1,0,0,0,1,0,3
991,2378,840,2019,214,70,3,1,0,0,0,1,0,3.5
992,2378,840,2019,834,72,3,1,0,0,0,1,0,3.25
993,2382,840,2019,604,65,3,1,0,0,0,1,0,2.75
994,1876,276,2016,604,64,3,0,0,1,0,1,0,2.75
995,2302,528,2019,862,71,4,1,0,1,0,1,0,3
996,2302,528,2019,360,71,4,1,0,1,0,1,0,2.5
997,2306,528,2019,0,71,4,1,0,1,0,1,0,2.5
998,1748,840,2016,84,70,3,1,0,0,0,1,0,3.25
999,1748,840,2016,188,74,3,1,0,0,0,1,0,3.5
1000,1243,840,2014,218,67,3,1,0,0,0,1,0,3.75
1001,1243,840,2014,840,67,3,1,0,0,0,1,0,3.75
1002,1239,840,2014,68,67,3,1,0,0,0,1,0,3.5
1003,1243,840,2014,68,67,3,1,0,0,0,1,0,3
1004,1744,840,2016,840,72,3,1,0,0,0,1,0,3.5
1005,1744,840,2016,218,70,3,1,0,0,0,1,0,3.5
1006,1748,840,2016,218,77,3,1,0,0,0,1,0,3.5
1007,1744,840,2016,68,72,3,1,0,0,0,1,0,4
1008,1744,840,2016,68,68,3,1,0,0,0,1,0,3.75
1009,1462,840,2015,862,74,3,1,0,0,0,1,0,3.5
1010,1458,840,2015,800,57,3,1,0,0,0,1,0,2.75
1011,1550,840,2015,218,73,2,0,0,0,0,0,1,3.25
1012,1550,840,2015,604,70,2,0,0,0,0,0,1,3.25
1013,1546,840,2015,450,74,2,0,0,0,0,0,1,3
1014,1546,840,2015,862,70,2,0,0,0,0,0,1,3
1015,1546,840,2015,834,70,2,0,0,0,0,0,1,2.75
1016,2146,840,2018,214,71,2,0,0,0,0,0,1,3.5
1017,2150,840,2018,834,70,2,0,0,0,0,0,1,3
1018,2150,840,2018,450,74,2,0,0,0,0,0,1,2.75
1019,2146,840,2018,218,73,2,0,0,0,0,0,1,2.5
1020,2150,840,2018,604,70,2,0,0,0,0,0,1,2.25
1021,1712,554,2016,604,66,3,1,0,0,0,1,0,3.5
1022,1712,554,2016,214,75,3,1,0,0,0,1,0,3.25
1023,1712,554,2016,450,70,3,1,0,0,0,1,0,2.75
1024,1712,554,2016,862,72,3,1,0,0,0,1,0,2.75
1025,2450,554,2019,218,85,3,1,0,0,0,1,0,3.5
1026,2426,554,2019,862,68,3,1,0,0,0,1,0,3.25
1027,414,218,2009,218,58,4,1,0,1,0,1,0,3.5
1028,414,218,2009,218,58,4,1,0,1,0,1,0,3.25
1029,414,218,2009,218,72,2,0,0,0,0,1,0,3
1030,414,218,2009,218,80,2,0,0,0,0,1,0,2.5
1031,414,218,2009,218,80,4,1,0,1,0,1,0,2
1032,431,376,2009,214,75,2,0,0,0,0,1,0,3.75
1033,431,376,2009,604,70,2,0,0,0,0,1,0,3.5
1034,431,376,2009,214,70,2,0,0,0,0,1,0,2.75
1035,431,376,2009,384,70,2,0,0,0,0,1,0,2.5
1036,1466,376,2015,218,70,4,1,0,1,0,1,0,3.5
1037,1466,376,2015,450,70,4,1,0,1,0,1,0,3.5
1038,1466,376,2015,780,70,4,1,0,1,0,1,0,3.5
1039,1466,376,2015,862,70,4,1,0,1,0,1,0,3.5
1040,1872,376,2016,604,70,4,1,0,1,0,1,0,2.75
1041,1327,710,2014,218,72,2,0,0,0,0,0,1,2.5
1042,1030,826,2013,662,70,2,0,0,0,0,1,0,4
1043,1654,826,2015,662,70,2,0,0,0,0,1,0,2.75
1044,2134,826,2018,170,75,4,1,0,1,0,1,0,2.75
1045,2386,826,2019,340,72,4,1,0,1,0,1,0,3
1046,2386,826,2019,834,80,4,1,0,1,0,1,0,3
1047,245,826,2008,662,72,3,1,0,0,0,1,0,3
1048,300,826,2008,678,72,4,1,0,1,0,1,0,3
1049,296,826,2008,834,75,4,1,0,1,0,1,0,2.75
1050,600,826,2010,862,70,4,1,0,1,0,1,0,2.75
1051,623,826,2011,662,65,4,1,0,1,0,1,0,3.25
1052,623,826,2011,218,80,4,1,0,1,0,1,0,3
1053,623,826,2011,662,65,4,1,0,1,0,1,0,3
1054,809,826,2012,450,66,4,0,1,1,0,1,0,3.5
1055,1038,826,2013,704,80,4,1,0,1,0,1,0,3.5
1056,1065,826,2013,218,82,2,0,0,0,0,1,0,3.5
1057,1038,826,2013,780,75,4,1,0,1,0,1,0,3
1058,1065,826,2013,218,90,2,0,0,0,0,1,0,3
1059,1065,826,2013,450,72,4,1,0,1,0,1,0,3
1060,1113,826,2013,218,100,1,0,0,0,0,0,0,2.5
1061,1097,124,2013,862,70,3,1,0,0,0,1,0,3.75
1062,1097,124,2013,862,70,3,1,0,0,0,1,0,3.25
1063,1311,124,2014,214,70,3,1,0,0,0,1,0,3.75
1064,1387,124,2014,214,70,3,1,0,0,0,1,0,3.5
1065,1307,124,2014,68,70,3,1,0,0,0,1,0,3
1066,1311,124,2014,68,70,3,1,0,0,0,1,0,3
1067,1311,124,2014,558,70,3,1,0,0,0,1,0,3
1068,1542,124,2015,704,70,3,1,0,0,0,1,0,3.5
1069,733,756,2011,862,74,3,1,0,0,0,1,0,4
1070,737,756,2011,862,70,3,1,0,0,0,1,0,4
1071,737,756,2011,862,72,3,1,0,0,0,1,0,4
1072,737,756,2011,862,72,3,1,0,0,0,1,0,4
1073,725,756,2011,862,72,3,1,0,0,0,1,0,3.75
1074,725,756,2011,862,72,3,1,0,0,0,1,0,3.75
1075,733,756,2011,862,72,3,1,0,0,0,1,0,3.75
1076,737,756,2011,862,72,3,1,0,0,0,1,0,3.5
1077,729,756,2011,862,72,3,1,0,0,0,1,0,3.25
1078,1085,756,2013,862,72,3,1,0,0,0,1,0,3.75
1079,1788,356,2016,356,61,4,1,0,1,0,1,0,2.5
1080,821,840,2012,214,70,3,1,0,0,0,0,1,3.25
1081,907,840,2012,214,70,3,1,0,0,0,0,1,2.75
1082,1255,840,2014,340,77,3,1,0,0,0,1,0,3
1083,2008,840,2017,704,72,3,1,0,0,0,1,0,3.25
1084,943,826,2012,604,72,4,1,0,1,0,0,1,3
1085,943,826,2012,604,72,4,1,0,1,0,0,1,2.75
1086,1275,840,2014,450,72,2,0,0,0,0,1,0,3.5
1087,1279,840,2014,84,72,2,0,0,0,0,1,0,3.25
1088,1279,840,2014,214,72,2,0,0,0,0,1,0,3.25
1089,1279,840,2014,604,72,2,0,0,0,0,1,0,2.25
1090,2250,670,2018,670,72,4,1,0,1,0,1,0,2.75
1091,1542,840,2015,84,70,2,0,0,0,0,1,0,3.5
1092,1546,840,2015,214,70,2,0,0,0,0,1,0,2.75
1093,5,840,2006,288,71,5,1,1,1,0,1,0,2
1094,2146,840,2018,862,72,3,1,0,0,0,1,0,3.25
1095,2008,840,2017,218,78,4,1,0,1,0,1,0,3.75
1096,1972,840,2017,862,72,3,1,0,0,0,1,0,3.5
1097,1976,840,2017,704,65,4,1,0,1,0,1,0,3.5
1098,1980,840,2017,218,70,4,1,0,1,0,1,0,3.5
1099,2008,840,2017,450,68,5,1,1,1,0,1,0,3.5
1100,1976,840,2017,388,67,4,1,0,1,0,1,0,3
1101,1976,840,2017,604,75,4,1,0,1,0,1,0,3
1102,2104,840,2018,170,73,4,1,0,1,0,1,0,3.25
1103,2104,840,2018,780,80,4,1,0,1,0,1,0,3.25
1104,2100,840,2018,356,66,4,1,0,1,0,1,0,3
1105,1534,203,2015,450,63,2,0,0,0,0,1,0,2.75
1106,2458,203,2020,862,75,3,1,0,0,0,1,0,2.75
1107,2218,764,2018,764,70,3,1,0,0,0,1,0,3.75
1108,2214,764,2018,764,70,3,1,0,0,0,1,0,3.5
1109,2218,764,2018,764,70,3,1,0,0,0,1,0,3.5
1110,2218,764,2018,764,70,3,1,0,0,0,1,0,3
1111,1061,214,2013,214,70,5,1,1,1,0,1,0,3.5
1112,1069,214,2013,214,55,5,1,1,1,0,1,0,3.25
1113,1073,214,2013,214,62,5,1,1,1,0,1,0,3.25
1114,1069,214,2013,214,82,5,1,1,1,0,1,0,3
1115,2422,214,2019,214,68,4,1,0,1,0,1,0,3.75
1116,2454,840,2019,214,65,4,1,0,1,0,1,0,3.75
1117,2390,214,2019,214,71.5,3,1,0,0,0,1,0,3.5
1118,2394,214,2019,214,70,3,1,0,0,0,1,0,3
1119,2454,840,2019,214,72,4,1,0,1,0,1,0,3
1120,2334,724,2019,834,75,3,1,0,0,0,1,0,3.25
1121,2338,724,2019,558,75,3,1,0,0,0,1,0,3
1122,2338,724,2019,604,75,3,1,0,0,0,1,0,3
1123,241,218,2008,218,70,4,1,1,0,0,1,0,3.5
1124,241,218,2008,218,70,4,1,1,0,0,1,0,3
1125,248,218,2008,218,85,4,1,1,0,0,1,0,3
1126,269,218,2008,218,85,4,1,1,0,0,1,0,3
1127,245,218,2008,218,75,4,1,1,0,0,1,0,2.75
1128,248,218,2008,218,85,4,1,1,0,0,1,0,2.75
1129,248,218,2008,218,85,4,1,1,0,0,1,0,2.5
1130,263,218,2008,218,75,4,1,1,0,0,1,0,2.5
1131,1133,840,2013,214,70,3,1,0,0,0,1,0,3.75
1132,431,484,2009,484,72,5,1,1,1,0,1,0,2
1133,2478,124,2020,170,70,3,1,0,0,0,1,0,3.25
1134,1251,840,2014,214,60,2,0,0,0,0,1,0,3
1135,2016,528,2017,484,70,2,0,0,0,0,1,0,3.25
1136,1968,528,2017,84,70,2,0,0,0,0,1,0,3
1137,1968,528,2017,704,70,2,0,0,0,0,1,0,3
1138,2044,528,2018,484,70,2,0,0,0,0,1,0,3.75
1139,2068,528,2018,608,70,2,0,0,0,0,1,0,3.25
1140,2064,528,2018,450,70,2,0,0,0,0,1,0,3
1141,2282,528,2019,598,70,2,0,0,0,0,1,0,3.25
1142,2286,528,2019,170,70,2,0,0,0,0,1,0,3
1143,1422,840,2014,450,72,3,1,0,0,0,1,0,3.25
1144,1426,840,2014,84,90,2,0,0,0,0,1,0,3.25
1145,1426,840,2014,214,72,3,1,0,0,0,1,0,3.25
1146,1426,840,2014,214,72,3,1,0,0,0,1,0,3.25
1147,1422,840,2014,84,72,3,1,0,0,0,1,0,3
1148,1422,840,2014,862,72,3,1,0,0,0,1,0,2.75
1149,1422,840,2014,604,72,2,0,0,0,0,1,0,2.5
1150,1852,840,2016,76,70,4,1,0,1,0,1,0,3.75
1151,1852,840,2016,218,70,4,1,0,1,0,1,0,3.75
1152,1840,840,2016,332,70,4,1,0,1,0,1,0,3.25
1153,1852,840,2016,604,70,4,1,0,1,0,1,0,2.75
1154,1359,840,2014,214,72.5,5,1,1,0,1,1,0,3
1155,1363,840,2014,450,72.5,5,1,1,0,1,1,0,3
1156,1359,840,2014,800,72.5,5,1,1,0,1,1,0,2.5
1157,1363,840,2014,218,72.5,5,1,1,0,1,1,0,2.5
1158,431,840,2009,450,64,5,1,1,1,0,1,0,3.5
1159,451,840,2009,68,68,5,1,1,1,0,1,0,3
1160,576,840,2010,214,74,5,1,1,1,0,1,0,3.75
1161,576,840,2010,308,75,5,1,1,1,0,1,0,3.25
1162,597,840,2010,862,71,5,1,1,1,0,1,0,3
1163,682,840,2011,218,74,5,1,1,1,0,1,0,3.75
1164,891,840,2012,76,70,5,1,1,1,0,1,0,4
1165,927,840,2012,862,68,5,1,1,1,0,1,0,3.75
1166,891,840,2012,604,74,5,1,1,1,0,1,0,3.25
1167,2426,840,2019,242,68,3,1,0,0,0,1,0,3
1168,2138,840,2018,84,70,4,1,0,1,0,1,0,3.25
1169,2138,840,2018,320,70,2,0,0,0,0,1,0,3.25
1170,2138,840,2018,214,70,2,0,0,0,0,1,0,3
1171,2138,840,2018,604,75,2,0,0,0,0,1,0,3
1172,2254,250,2018,84,70,2,0,0,0,0,1,0,3.5
1173,2254,250,2018,320,70,2,0,0,0,0,1,0,3.5
1174,2358,250,2019,604,72,2,0,0,0,0,1,0,3.5
1175,230,250,2008,0,74,4,1,0,1,0,1,0,3.5
1176,445,250,2009,0,60,4,1,0,1,0,1,0,3.75
1177,346,250,2009,862,69,4,1,0,1,0,1,0,3.5
1178,346,250,2009,288,68,4,1,0,1,0,1,0,3.25
1179,439,250,2009,0,60,4,1,0,1,0,1,0,3
1180,741,250,2011,308,68,4,1,0,1,0,1,0,3.5
1181,891,250,2012,214,66,4,1,0,1,0,1,0,3.5
1182,1145,250,2013,780,60,4,1,0,1,0,1,0,3.25
1183,1189,250,2013,218,56,4,1,0,1,0,1,0,3.25
1184,1121,250,2013,0,74,4,1,0,1,0,1,0,2.75
1185,2182,484,2018,484,70,2,0,0,0,0,1,0,3.5
1186,2186,484,2018,484,70,2,0,0,0,0,1,0,3.5
1187,2186,484,2018,484,70,2,0,0,0,0,1,0,3
1188,1434,250,2014,192,70,4,1,0,1,0,1,0,2.75
1189,1438,250,2014,0,68,4,1,0,1,0,1,0,2.75
1190,1642,250,2015,704,75,4,1,0,1,0,1,0,3.75
1191,1638,250,2015,678,75,4,1,0,1,0,1,0,3.5
1192,1590,250,2015,604,75,4,1,0,1,0,1,0,3.25
1193,1642,250,2015,76,75,4,1,0,1,0,1,0,3.25
1194,1590,250,2015,192,75,4,1,0,1,0,1,0,3
1195,1594,250,2015,384,75,4,1,0,1,0,1,0,3
1196,1590,250,2015,450,75,4,1,0,1,0,1,0,2.75
1197,1590,250,2015,704,75,4,1,0,1,0,1,0,2.75
1198,833,840,2012,862,75,5,1,1,1,0,1,0,3
1199,833,840,2012,862,75,5,1,1,1,0,1,0,3
1200,853,840,2012,0,72,5,1,1,1,0,1,0,3
1201,1784,840,2016,558,80,2,0,0,0,0,1,0,3.5
1202,2048,826,2018,558,73,3,1,0,0,0,1,0,3.5
1203,2048,826,2018,340,70,3,1,0,0,0,1,0,3.25
1204,2048,826,2018,558,71,3,1,0,0,0,1,0,3
1205,1972,840,2017,68,74,3,1,0,0,0,1,0,3.75
1206,2266,56,2019,604,70,3,1,0,0,0,1,0,3.5
1207,2262,56,2019,188,70,3,1,0,0,0,1,0,3.25
1208,2266,56,2019,170,70,3,1,0,0,0,1,0,2.75
1209,1371,840,2014,604,70,2,0,0,0,0,1,0,3.5
1210,1562,840,2015,780,70,2,0,0,0,0,1,0,3.5
1211,1566,840,2015,834,70,2,0,0,0,0,1,0,3.5
1212,1562,840,2015,68,70,2,0,0,0,0,1,0,3.25
1213,1566,840,2015,214,70,2,0,0,0,0,1,0,3.25
1214,1566,840,2015,188,70,2,0,0,0,0,1,0,3
1215,1728,840,2016,430,70,2,0,0,0,0,1,0,3.25
1216,1984,840,2017,604,70,3,1,0,0,0,1,0,4
1217,1952,840,2017,340,70,2,0,0,0,0,1,0,3.5
1218,1952,840,2017,84,70,2,0,0,0,0,1,0,3.25
1219,2122,840,2018,288,70,3,1,0,0,0,1,0,3.75
1220,2338,840,2019,388,70,3,1,0,0,0,1,0,3.25
1221,2442,840,2019,68,70,3,1,0,0,0,1,0,3.25
1222,1231,246,2014,450,71,3,1,0,0,0,1,0,3.5
1223,1856,246,2016,450,70,2,0,0,0,0,1,0,3
1224,903,840,2012,604,68,2,0,0,0,0,1,0,3.75
1225,855,840,2012,604,65,2,0,0,0,0,1,0,3.5
1226,903,840,2012,68,68,2,0,0,0,0,1,0,3.5
1227,947,840,2012,68,68,2,0,0,0,0,1,0,3.5
1228,947,840,2012,214,74,2,0,0,0,0,1,0,3
1229,947,840,2012,0,75,2,0,0,0,0,1,0,2.75
1230,157,756,2007,0,85,4,1,1,0,0,1,0,3
1231,1049,630,2013,630,65,5,1,1,1,0,1,0,2.5
1232,1097,840,2013,840,70,4,1,1,0,0,1,0,3.5
1233,1093,840,2013,840,71,4,1,1,0,0,1,0,3
1234,1097,840,2013,840,72,4,1,1,0,0,1,0,3
1235,1383,840,2014,840,70,2,0,0,0,0,1,0,3.75
1236,1395,840,2014,840,75,4,1,1,0,0,1,0,3.75
1237,1395,840,2014,840,65,4,1,1,0,0,1,0,3.25
1238,1502,840,2015,558,75,2,0,0,0,0,1,0,2
1239,2198,158,2018,558,78,2,0,0,0,0,1,0,3.5
1240,2198,158,2018,558,80,2,0,0,0,0,1,0,3.25
1241,2194,158,2018,360,70,2,0,0,0,0,1,0,3
1242,2194,158,2018,558,75,2,0,0,0,0,1,0,2.5
1243,1976,76,2017,76,81,2,0,0,0,0,1,0,3.25
1244,2238,76,2018,76,70,2,0,0,0,0,1,0,3
1245,552,170,2010,170,65,5,1,1,1,0,1,0,3.5
1246,552,170,2010,0,60,5,1,1,1,0,1,0,3
1247,552,170,2010,0,58,5,1,1,1,0,1,0,3
1248,552,170,2010,0,46,5,1,1,1,0,1,0,2.75
1249,2430,840,2019,288,75,3,1,0,0,0,1,0,2.75
1250,2426,840,2019,800,75,3,1,0,0,0,1,0,2.5
1251,284,450,2008,450,63,5,1,1,1,0,1,0,4
1252,284,450,2008,450,70,5,1,1,1,0,1,0,3.75
1253,284,450,2008,450,67,5,1,1,1,0,1,0,3.5
1254,288,450,2008,450,75,5,1,1,1,0,1,0,3.5
1255,607,840,2010,484,72,4,1,1,0,0,1,0,2.75
1256,693,840,2011,188,70,4,1,1,0,0,1,0,2.75
1257,672,840,2011,214,70,4,1,1,0,0,1,0,2.5
1258,995,840,2012,840,70,4,1,1,0,0,1,0,3.5
1259,991,840,2012,840,70,4,1,1,0,0,1,0,3.25
1260,995,840,2012,840,70,4,1,1,0,0,1,0,3.25
1261,1085,840,2013,76,70,4,1,1,0,0,1,0,3.5
1262,1085,840,2013,630,70,4,1,1,0,0,1,0,2.75
1263,1089,840,2013,840,70,4,1,1,0,0,1,0,2.75
1264,1089,840,2013,484,70,4,1,1,0,0,1,0,2.75
1265,1940,840,2017,90,73,2,0,0,0,0,1,0,3.5
1266,308,380,2008,214,70,5,1,1,1,0,1,0,3.75
1267,308,380,2008,192,70,5,1,1,1,0,1,0,3.25
1268,308,380,2008,218,70,4,0,1,1,0,1,0,3
1269,300,380,2008,834,75,4,1,1,0,0,1,0,2
1270,531,380,2010,218,70,4,1,0,1,0,1,0,2
1271,184,450,2007,450,73,4,1,0,1,0,1,0,3.5
1272,184,450,2007,450,75,4,1,0,1,0,1,0,2.75
1273,1121,608,2013,608,65,5,1,1,1,0,1,0,3.5
1274,2226,764,2018,764,70,3,1,0,0,0,0,1,2.75
1275,311,840,2009,840,55,5,1,1,1,0,1,0,2.75
1276,502,840,2010,840,55,5,1,1,1,0,1,0,3.5
1277,1856,752,2016,862,70,3,1,0,0,0,1,0,3
1278,821,840,2012,214,74,3,1,0,0,0,1,0,3.75
1279,1219,840,2014,862,74,3,1,0,0,0,1,0,2.75
1280,1219,840,2014,604,74,3,1,0,0,0,1,0,2.5
1281,1446,840,2015,218,74,2,0,0,0,0,1,0,2.5
1282,1331,170,2014,170,70,4,1,0,1,0,1,0,2.75
1283,1003,840,2012,430,72,3,1,0,0,0,1,0,3.25
1284,1007,840,2012,840,72,3,1,0,0,0,1,0,3.25
1285,1007,840,2012,604,72,3,1,0,0,0,1,0,3
1286,1007,840,2012,840,72,3,1,0,0,0,1,0,2.75
1287,1089,840,2013,840,72,3,1,0,0,0,1,0,3.75
1288,1522,840,2015,188,72,3,1,0,0,0,1,0,3.75
1289,1522,840,2015,598,72,3,1,0,0,0,1,0,3.5
1290,2032,840,2017,604,70,3,1,0,0,0,1,0,3.25
1291,2442,840,2019,840,70,3,1,0,0,0,1,0,3.5
1292,871,616,2012,288,70,2,0,0,0,0,1,0,3.5
1293,871,616,2012,214,70,2,0,0,0,0,1,0,3.25
1294,875,616,2012,218,70,2,0,0,0,0,1,0,3.25
1295,1255,616,2014,862,70,2,0,0,0,0,1,0,3.75
1296,1279,616,2014,170,85,2,0,0,0,0,1,0,3.5
1297,1844,616,2016,558,70,3,1,0,0,0,1,0,3.75
1298,1848,616,2016,604,70,3,1,0,0,0,1,0,3.5
1299,1474,840,2015,214,70,3,1,0,0,0,1,0,3.5
1300,1474,840,2015,604,62,3,1,0,0,0,1,0,3.5
1301,1478,840,2015,218,70,3,1,0,0,0,1,0,3.5
1302,1606,840,2015,558,70,3,1,0,0,0,1,0,3.5
1303,1606,840,2015,604,68,3,1,0,0,0,1,0,3.5
1304,1634,840,2015,340,78,3,1,0,0,0,1,0,3.5
1305,1610,840,2015,834,72,3,1,0,0,0,1,0,3
1306,1606,840,2015,780,70,3,1,0,0,0,1,0,2.75
1307,1610,840,2015,170,75,3,1,0,0,0,1,0,2.75
1308,1896,840,2016,704,75,3,1,0,0,0,1,0,3.25
1309,1956,840,2017,704,73,2,0,0,0,0,1,0,3
1310,2040,840,2018,214,72,3,1,0,0,0,1,0,3.5
1311,2262,840,2018,484,72,3,1,0,0,0,1,0,3.25
1312,2262,840,2018,0,72,3,1,0,0,0,1,0,3
1313,1872,604,2016,604,70,4,1,0,1,0,1,0,3
1314,1884,604,2016,604,70,3,1,0,0,0,1,0,3
1315,1884,604,2016,604,70,3,1,0,0,0,1,0,2.75
1316,1808,124,2016,0,75,2,0,0,0,0,1,0,3.25
1317,2158,840,2018,332,75,2,0,0,0,0,1,0,2.75
1318,845,704,2012,704,76,3,1,0,0,0,1,0,3.5
1319,845,704,2012,704,72,3,1,0,0,0,1,0,3.5
1320,845,704,2012,704,70,3,1,0,0,0,1,0,3.5
1321,849,704,2012,704,78,3,1,0,0,0,1,0,3.5
1322,955,704,2012,704,74,3,1,0,0,0,1,0,3.5
1323,895,704,2012,704,80,3,1,0,0,0,1,0,3
1324,1149,704,2013,704,75,3,1,0,0,0,1,0,3.5
1325,1650,704,2015,704,70,2,0,0,0,0,1,0,3.75
1326,1650,704,2015,704,68,2,0,0,0,0,1,0,3.5
1327,1650,704,2015,704,85,2,0,0,0,0,1,0,3.25
1328,2258,704,2018,704,75,3,1,0,0,0,1,0,3.5
1329,1189,840,2013,214,89,4,1,1,0,0,1,0,2.5
1330,1189,840,2013,214,74,4,1,1,0,0,1,0,2.25
1331,1836,40,2016,170,74,3,1,0,0,0,1,0,3.25
1332,1836,40,2016,332,82,3,1,0,0,0,1,0,3
1333,1836,40,2016,68,76,3,1,0,0,0,1,0,2.75
1334,572,840,2010,214,70,2,0,0,0,0,1,0,3.25
1335,572,840,2010,862,75,2,0,0,0,0,1,0,3
1336,572,840,2010,862,81,2,0,0,0,0,1,0,2.75
1337,777,840,2011,214,74,2,0,0,0,0,1,0,3.75
1338,672,840,2011,0,72,2,0,0,0,0,1,0,3.5
1339,773,840,2011,84,70,2,0,0,0,0,1,0,3.5
1340,777,840,2011,214,73,2,0,0,0,0,1,0,3.25
1341,701,840,2011,862,76,2,0,0,0,0,1,0,3
1342,709,840,2011,862,70,2,0,0,0,0,1,0,3
1343,777,840,2011,604,75,2,0,0,0,0,1,0,3
1344,713,840,2011,862,81,2,0,0,0,0,1,0,2.75
1345,777,840,2011,598,71,2,0,0,0,0,1,0,2.75
1346,959,840,2012,0,73,2,0,0,0,0,1,0,3.5
1347,999,840,2012,862,73,2,0,0,0,0,1,0,2.75
1348,999,840,2012,0,72,2,0,0,0,0,1,0,2.5
1349,1359,840,2014,0,75,2,0,0,0,0,1,0,3.75
1350,1450,840,2015,834,74,2,0,0,0,0,1,0,3.25
1351,1450,840,2015,320,76,2,0,0,0,0,1,0,3
1352,1177,36,2013,450,68,3,1,0,0,0,1,0,4
1353,1177,36,2013,598,74,3,1,0,0,0,1,0,4
1354,1181,36,2013,0,70,3,1,0,0,0,1,0,3.75
1355,1177,36,2013,548,72,3,1,0,0,0,1,0,3.5
1356,1430,840,2014,604,63,3,1,0,0,0,1,0,3.5
1357,1367,840,2014,84,70,2,0,0,0,0,1,0,3.25
1358,1367,840,2014,214,70,2,0,0,0,0,1,0,3.25
1359,1430,840,2014,604,82,2,0,0,0,0,1,0,3.25
1360,2482,840,2020,450,65,3,1,0,0,0,1,0,3.25
1361,2482,840,2020,840,70,3,1,0,0,0,1,0,3
1362,2486,840,2020,704,75,3,1,0,0,0,1,0,3
1363,1728,840,2016,214,72,2,0,0,0,0,1,0,3
1364,2478,124,2020,84,70,3,1,0,0,0,1,0,3.25
1365,2474,124,2020,320,70,3,1,0,0,0,1,0,2.5
1366,1291,840,2014,214,70,2,0,0,0,0,1,0,3.5
1367,1287,840,2014,84,70,2,0,0,0,0,1,0,3
1368,1291,840,2014,558,70,2,0,0,0,0,1,0,3
1369,1287,840,2014,862,70,2,0,0,0,0,1,0,2.75
1370,1287,840,2014,68,70,2,0,0,0,0,1,0,2.5
1371,2362,208,2019,608,70,2,0,0,0,0,0,1,3.25
1372,2362,208,2019,834,70,2,0,0,0,0,0,1,3.25
1373,2362,208,2019,214,70,2,0,0,0,0,0,1,2.75
1374,2362,208,2019,218,85,2,0,0,0,0,0,1,2.5
1375,837,450,2012,450,80,4,1,0,1,0,1,0,2.5
1376,841,450,2012,450,72,4,1,0,1,0,1,0,2.5
1377,1347,340,2014,340,70,3,1,0,0,0,1,0,3.5
1378,1351,340,2014,558,80,3,1,0,0,0,1,0,3.5
1379,1347,340,2014,340,80,3,1,0,0,0,1,0,3.25
1380,1351,340,2014,558,70,3,1,0,0,0,1,0,3.25
1381,1494,340,2015,222,70,3,1,0,0,0,1,0,3
1382,1494,340,2015,222,80,3,1,0,0,0,1,0,2.75
1383,2250,76,2018,76,75,3,1,0,0,0,1,0,2.5
1384,1267,752,2014,450,72,3,1,0,0,0,1,0,3.5
1385,1267,752,2014,76,70,3,1,0,0,0,1,0,3
1386,2170,36,2018,90,67,3,1,0,0,0,1,0,3.75
1387,2166,36,2018,90,72,3,1,0,0,0,1,0,3.25
1388,1688,528,2015,0,70,3,0,1,0,0,1,0,3.5
1389,2210,276,2018,604,70,3,1,0,0,0,1,0,3.5
1390,24,250,2006,214,67,4,1,1,0,0,1,0,3.75
1391,24,250,2006,450,65,4,1,1,0,0,1,0,3.75
1392,24,250,2006,598,64,4,1,1,0,0,1,0,3.75
1393,24,250,2006,678,70,4,1,1,0,0,1,0,3
1394,24,250,2006,0,60,4,1,1,0,0,1,0,2
1395,24,250,2006,0,85,4,1,1,0,0,1,0,2
1396,81,250,2006,0,99,4,1,1,0,0,1,0,2
1397,117,250,2007,862,66,4,1,1,0,0,1,0,3.5
1398,135,250,2007,678,67,4,1,1,0,0,1,0,3.5
1399,963,250,2012,484,66,4,1,1,0,0,1,0,3.75
1400,2020,250,2017,170,69,4,1,1,0,0,1,0,3.25
1401,2438,250,2019,320,70,4,1,1,0,0,1,0,3.5
1402,2270,250,2019,76,70,4,1,1,0,0,1,0,3
1403,887,840,2012,360,70,4,1,0,0,1,0,1,2.5
1404,887,840,2012,68,75,4,1,0,0,1,0,1,2
1405,887,840,2012,0,65,4,1,0,0,1,0,1,1.5
1406,1117,840,2013,84,80,4,1,0,0,1,1,0,3.25
1407,1117,840,2013,214,75,3,0,0,0,1,0,1,2.5
1408,1490,840,2015,214,75,3,1,0,0,0,1,0,3.75
1409,1490,840,2015,862,75,3,1,0,0,0,1,0,3.75
1410,1490,840,2015,84,80,3,1,0,0,0,1,0,3.5
1411,1490,840,2015,780,70,3,1,0,0,0,1,0,3.5
1412,1538,840,2015,558,70,3,1,0,0,0,1,0,3.5
1413,1538,840,2015,834,75,3,1,0,0,0,1,0,3.25
1414,2112,56,2018,84,70,3,1,0,0,0,1,0,3.5
1415,2112,56,2018,356,70,3,1,0,0,0,1,0,3.25
1416,2114,56,2018,604,70,3,1,0,0,0,1,0,3.25
1417,2112,56,2018,214,70,3,1,0,0,0,1,0,3
1418,825,840,2012,218,70,4,1,1,0,0,1,0,3.5
1419,1073,840,2013,218,70,4,1,1,0,0,1,0,2.5
1420,2346,56,2019,218,70,3,1,0,0,0,1,0,3
1421,2346,56,2019,356,74,3,1,0,0,0,1,0,3
1422,2346,56,2019,76,76,3,1,0,0,0,1,0,3
1423,2214,392,2018,604,70,2,0,0,0,0,1,0,3.75
1424,2210,392,2018,450,70,2,0,0,0,0,1,0,3.5
1425,2214,392,2018,704,70,2,0,0,0,0,1,0,3.25
1426,2214,392,2018,76,70,2,0,0,0,0,1,0,3
1427,607,840,2010,218,77,3,1,0,0,0,1,0,2.75
1428,2382,840,2019,218,67,3,1,0,0,0,1,0,2.75
1429,1920,392,2016,332,70,2,0,0,0,0,1,0,3.5
1430,1960,784,2017,704,65,2,0,0,0,0,1,0,3.5
1431,1960,784,2017,450,72,2,0,0,0,0,1,0,3.25
1432,1960,784,2017,598,72,2,0,0,0,0,1,0,3
1433,2370,784,2019,834,72,3,1,0,0,0,1,0,3.75
1434,2458,203,2020,704,70,3,1,0,0,0,1,0,3.5
1435,1626,76,2015,76,70,2,0,0,0,0,1,0,3.5
1436,1880,76,2016,76,75,2,0,0,0,0,1,0,3.75
1437,2354,76,2019,630,70,3,1,0,0,0,1,0,3
1438,607,840,2010,84,67,3,1,0,0,0,1,0,2.75
1439,1026,840,2013,84,73,3,1,0,0,0,1,0,3.25
1440,1030,840,2013,84,72,3,1,0,0,0,1,0,3
1441,2170,840,2018,120,68,2,0,0,0,0,1,0,3
1442,2198,840,2018,76,72,3,1,0,0,0,1,0,2.5
1443,2450,840,2019,834,72,2,0,0,0,0,1,0,3.75
1444,2338,840,2019,214,70,2,0,0,0,0,1,0,3.5
1445,2350,840,2019,694,72,3,1,0,0,0,1,0,3
1446,1618,840,2015,604,70,2,0,0,0,0,1,0,3.25
1447,1614,840,2015,214,70,2,0,0,0,0,1,0,3
1448,1618,840,2015,360,70,2,0,0,0,0,1,0,2.75
1449,661,558,2011,558,70,2,0,0,0,0,1,0,2.75
1450,661,558,2011,558,70,2,0,0,0,0,1,0,2.75
1451,2142,558,2018,558,70,3,1,0,0,0,1,0,3.25
1452,1812,124,2016,214,72,2,0,0,0,0,1,0,3.5
1453,2222,840,2018,484,70,3,1,0,0,0,1,0,3.25
1454,2490,484,2020,484,70,3,1,0,0,0,1,0,3
1455,1462,840,2015,558,70,3,1,0,0,0,1,0,3.5
1456,1462,840,2015,558,80,3,1,0,0,0,1,0,3.5
1457,2190,392,2018,862,70,2,0,0,0,0,1,0,3.5
1458,1900,840,2016,704,80,2,0,0,0,0,1,0,3
1459,1896,840,2016,214,71,2,0,0,0,0,1,0,2.75
1460,1896,840,2016,834,68,2,0,0,0,0,1,0,2.75
1461,1900,840,2016,450,68,2,0,0,0,0,1,0,2.75
1462,1049,188,2013,188,70,3,1,0,0,0,1,0,3
1463,1049,188,2013,188,58,3,1,0,0,0,1,0,2.5
1464,867,440,2012,308,71,4,1,1,0,0,1,0,2.5
1465,1046,440,2013,0,70,4,1,0,1,0,1,0,3.75
1466,1133,440,2013,604,78,4,1,0,1,0,1,0,3.75
1467,1379,440,2014,558,70,4,1,0,1,0,1,0,3.25
1468,1399,440,2014,862,70,4,1,0,1,0,1,0,3
1469,1399,440,2014,862,75,4,1,0,1,0,1,0,2.75
1470,2418,440,2019,222,70,3,1,0,0,0,1,0,3.25
1471,2458,440,2019,558,67,3,1,0,0,0,1,0,2.75
1472,1403,840,2014,288,70,3,1,0,0,0,1,0,3.5
1473,1403,840,2014,214,70,2,0,0,0,0,0,1,2.5
1474,1403,840,2014,450,73.5,2,0,0,0,0,1,0,2.5
1475,1403,840,2014,604,72,2,0,0,0,0,1,0,2.25
1476,2060,372,2018,214,70,2,0,0,0,0,1,0,3.25
1477,24,56,2006,862,71,5,1,1,1,0,1,0,3
1478,15,56,2006,678,75,5,1,1,1,0,1,0,2.75
1479,15,56,2006,0,73,5,1,1,1,0,1,0,2
1480,135,56,2007,0,73,5,1,1,1,0,1,0,1
1481,230,56,2008,780,67,5,1,1,1,0,1,0,3.75
1482,531,56,2010,598,70,5,1,1,1,0,1,0,2.5
1483,1526,840,2015,450,72,2,0,0,0,0,1,0,3
1484,1526,840,2015,604,72,2,0,0,0,0,1,0,3
1485,1526,840,2015,214,72,2,0,0,0,0,1,0,2.75
1486,1526,840,2015,862,72,2,0,0,0,0,1,0,2.25
1487,2134,840,2018,76,72,2,0,0,0,0,1,0,3
1488,1022,840,2013,218,75,3,1,0,0,0,1,0,3.5
1489,1022,840,2013,604,75,3,1,0,0,0,1,0,2.75
1490,2398,218,2019,218,72,3,1,0,0,0,1,0,3.75
1491,2142,604,2018,604,70,3,1,0,0,0,1,0,3
1492,2158,840,2018,834,72,3,1,0,0,0,1,0,3
1493,2174,840,2018,214,72,3,1,0,0,0,1,0,3
1494,2162,840,2018,704,72,3,1,0,0,0,1,0,2.75
1495,2394,840,2019,170,72,3,1,0,0,0,1,0,3.25
1496,2282,840,2019,242,74,3,1,0,0,0,1,0,2.75
1497,1299,840,2014,604,75,4,0,1,1,0,0,1,3.25
1498,1295,840,2014,288,75,4,0,1,1,0,0,1,3
1499,1299,840,2014,84,75,4,0,1,1,0,0,1,3
1500,935,558,2012,218,80,2,0,0,0,0,1,0,3.25
1501,931,558,2012,558,70,2,0,0,0,0,1,0,3
1502,935,558,2012,558,75,2,0,0,0,0,1,0,2.75
1503,1454,840,2015,288,70,2,0,0,0,0,1,0,3.75
1504,1470,840,2015,214,70,2,0,0,0,0,1,0,3.75
1505,1458,840,2015,450,70,2,0,0,0,0,1,0,3.5
1506,1458,840,2015,862,70,2,0,0,0,0,1,0,3
1507,1458,840,2015,218,70,2,0,0,0,0,1,0,2.75
1508,2486,840,2020,704,70,3,1,0,0,0,1,0,3.25
1509,2486,840,2020,566,70,3,1,0,0,0,1,0,3
1510,1876,76,2016,76,70,3,1,0,0,0,1,0,3.5
1511,478,840,2010,388,70,5,1,1,1,0,1,0,2.5
1512,1638,152,2015,604,70,2,0,0,0,0,1,0,3.75
1513,2386,152,2019,604,70,2,0,0,0,0,1,0,3.75
1514,1558,826,2015,604,75,3,1,0,0,0,1,0,4
1515,1558,826,2015,178,70,3,1,0,0,0,1,0,3.75
1516,1411,554,2014,598,74,2,0,0,0,0,1,0,3.5
1517,1411,554,2014,598,88,2,0,0,0,0,1,0,3.25
1518,1411,554,2014,598,70,2,0,0,0,0,1,0,3
1519,1411,554,2014,598,66,2,0,0,0,0,1,0,2.75
1520,1760,554,2016,882,70,2,0,0,0,0,1,0,3.5
1521,1760,554,2016,882,100,1,0,0,0,0,0,0,2.75
1522,1598,840,2015,834,70,3,1,0,0,0,1,0,3
1523,1594,840,2015,780,70,3,1,0,0,0,1,0,2.75
1524,761,276,2011,68,70,2,0,0,0,0,1,0,3.5
1525,2142,276,2018,76,78,3,1,0,0,0,1,0,3.75
1526,457,840,2009,0,75,3,1,0,0,0,1,0,3
1527,457,840,2009,0,67,3,1,0,0,0,1,0,2.75
1528,486,840,2010,214,72,3,1,0,0,0,1,0,3
1529,486,840,2010,288,72,3,1,0,0,0,1,0,3
1530,688,124,2011,0,85,5,1,1,1,0,1,0,3
1531,688,124,2011,0,76,5,1,1,1,0,1,0,2.75
1532,688,124,2011,0,85,5,1,1,1,0,1,0,2.75
1533,688,124,2011,0,76,5,1,1,1,0,1,0,2
1534,693,288,2011,288,80,4,1,0,1,0,1,0,2.75
1535,1247,352,2014,450,66,3,1,0,0,0,1,0,3.5
1536,1247,352,2014,598,70,3,1,0,0,0,1,0,3
1537,1816,352,2016,834,70,3,1,0,0,0,1,0,3.75
1538,2036,352,2018,558,73,3,1,0,0,0,1,0,3
1539,1165,124,2013,214,72,3,1,0,0,0,1,0,3
1540,1165,124,2013,218,72,3,1,0,0,0,1,0,3
1541,1161,124,2013,84,74,3,1,0,0,0,1,0,2.75
1542,1165,124,2013,214,72,3,1,0,0,0,1,0,2.75
1543,1165,124,2013,558,72,3,1,0,0,0,1,0,2.75
1544,2076,710,2018,591,71,3,1,0,0,0,1,0,3
1545,341,756,2009,68,68,3,1,0,0,0,1,0,3.25
1546,331,756,2009,178,70,3,1,0,0,0,1,0,3
1547,341,756,2009,604,75,3,1,0,0,0,1,0,3
1548,733,756,2011,68,66,3,1,0,0,0,1,0,3.75
1549,1442,756,2014,0,80,2,0,0,0,0,1,0,3.25
1550,1438,756,2014,598,68,3,1,0,0,0,1,0,2.75
1551,24,840,2006,840,60,5,1,1,1,0,1,0,3
1552,316,840,2009,840,60,5,1,1,1,0,1,0,3
1553,859,604,2012,604,65,4,1,0,1,0,1,0,3
1554,859,604,2012,604,72,4,1,0,1,0,1,0,3
1555,266,218,2008,218,70,4,1,0,1,0,1,0,3.5
1556,224,218,2008,218,72,4,1,0,1,0,1,0,3
1557,224,218,2008,218,65,4,1,0,1,0,1,0,3
1558,224,218,2008,218,60,4,1,0,1,0,1,0,2.75
1559,721,218,2011,218,70,4,1,0,1,0,1,0,3.5
1560,863,218,2012,604,70,4,1,0,1,0,1,0,4
1561,817,218,2012,218,85,4,1,0,1,0,1,0,2.75
1562,1415,218,2014,218,70,4,1,0,1,0,1,0,4
1563,1415,218,2014,218,70,4,1,0,1,0,1,0,3.75
1564,1415,218,2014,218,70,4,1,0,1,0,1,0,3.5
1565,1415,218,2014,218,70,4,1,0,1,0,1,0,3.25
1566,1848,218,2016,170,70,4,1,0,1,0,1,0,4
1567,2234,392,2018,192,72,5,1,1,1,0,1,0,3.75
1568,2230,392,2018,332,70,5,1,1,1,0,1,0,3.5
1569,2234,392,2018,704,72,5,1,1,1,0,1,0,3.25
1570,1239,124,2014,450,78,2,0,0,0,0,1,0,3.75
1571,1399,124,2014,780,70,2,0,0,0,0,1,0,3.75
1572,1399,124,2014,0,75,2,0,0,0,0,1,0,3.5
1573,1239,124,2014,68,72,2,0,0,0,0,1,0,2.75
1574,1303,124,2014,218,75,2,0,0,0,0,1,0,2.75
1575,1574,124,2015,704,72,2,0,0,0,0,1,0,3.75
1576,1574,124,2015,834,72,2,0,0,0,0,1,0,3.5
1577,1570,124,2015,68,70,2,0,0,0,0,1,0,3.25
1578,1570,124,2015,780,70,2,0,0,0,0,0,1,3.25
1579,1720,124,2016,84,72,2,0,0,0,0,1,0,3
1580,1720,124,2016,320,70,2,0,0,0,0,1,0,2.75
1581,1992,124,2017,332,70,2,0,0,0,0,1,0,3.5
1582,1992,124,2017,604,72,2,0,0,0,0,1,0,2.75
1583,2000,124,2017,214,75,2,0,0,0,0,1,0,2.75
1584,2286,124,2019,604,70,2,0,0,0,0,1,0,3.5
1585,1860,724,2016,242,76,2,0,0,0,0,1,0,3
1586,2302,724,2019,604,71,2,0,0,0,0,1,0,3.5
1587,2298,724,2019,84,75,2,0,0,0,0,1,0,3.25
1588,2298,724,2019,450,76,2,0,0,0,0,1,0,3.25
1589,2302,724,2019,214,76,2,0,0,0,0,1,0,3.25
1590,2334,724,2019,608,76,2,0,0,0,0,1,0,3
1591,2334,724,2019,68,76,2,0,0,0,0,1,0,2.75
1592,1363,840,2014,0,65,3,0,1,0,0,1,0,3.5
1593,1255,840,2014,214,70,2,0,0,0,0,1,0,3.5
1594,1251,840,2014,68,70,2,0,0,0,0,1,0,3
1595,1542,840,2015,320,70,2,0,0,0,0,1,0,3.5
1596,1856,840,2016,834,70,2,0,0,0,0,1,0,3.25
1597,2278,840,2019,170,75,3,1,0,0,0,1,0,3
1598,2274,840,2019,320,75,3,1,0,0,0,1,0,2.75
1599,2274,840,2019,214,75,3,1,0,0,0,1,0,2.75
1600,1137,604,2013,604,70,4,1,1,0,0,1,0,2.75
1601,1137,604,2013,604,55,4,1,1,0,0,1,0,2.5
1602,196,840,2007,450,70,3,1,0,0,0,1,0,4
1603,331,840,2009,450,75,3,1,0,0,0,1,0,4
1604,439,840,2009,450,67,3,1,0,0,0,1,0,3.5
1605,439,840,2009,862,70,3,1,0,0,0,1,0,3.5
1606,636,840,2011,0,70,3,1,0,0,0,1,0,3.75
1607,1034,840,2013,604,67,3,1,0,0,0,1,0,4
1608,1271,826,2014,450,64,2,0,0,0,0,0,1,2.75
1609,1271,826,2014,450,73,2,0,0,0,0,0,1,2.25
1610,1454,840,2015,214,82,3,1,0,0,0,1,0,3
1611,2258,840,2018,242,75,3,1,0,0,0,0,1,3
1612,2294,124,2019,604,70,4,1,0,1,0,1,0,3.25
1613,81,56,2006,484,72,5,1,1,1,0,1,0,4
1614,93,56,2006,862,72,5,1,1,1,0,1,0,3.75
1615,93,56,2006,360,72,5,1,1,1,0,1,0,3
1616,111,56,2007,0,70,5,1,1,1,0,1,0,4
1617,141,56,2007,450,72,5,1,1,1,0,1,0,4
1618,129,56,2007,218,72,5,1,1,1,0,1,0,3.75
1619,166,56,2007,0,85,5,1,1,1,0,1,0,3.5
1620,414,56,2009,76,72,5,1,1,1,0,1,0,3
1621,445,56,2009,484,72,5,1,1,1,0,1,0,3
1622,516,56,2010,192,78,5,1,1,1,0,1,0,3.75
1623,478,56,2010,780,75,5,1,1,1,0,1,0,3.25
1624,478,56,2010,862,75,5,1,1,1,0,1,0,3
1625,531,56,2010,604,85,5,1,1,1,0,1,0,3
1626,1658,56,2015,120,70,5,1,1,1,0,1,0,3.25
1627,2342,56,2019,450,76,4,1,0,1,0,1,0,3
1628,2342,56,2019,120,70,4,1,0,1,0,1,0,3
1629,2462,840,2020,834,70,3,1,0,0,0,1,0,3.5
1630,2462,840,2020,356,73,3,1,0,0,0,1,0,3.5
1631,2462,840,2020,704,70,3,1,0,0,0,1,0,3
1632,1772,840,2016,340,80,4,0,1,1,0,1,0,2.5
1633,1319,840,2014,218,73,2,0,0,0,0,1,0,3.5
1634,1311,840,2014,450,73,2,0,0,0,0,1,0,3.25
1635,1319,840,2014,218,73,2,0,0,0,0,1,0,3.25
1636,1315,840,2014,242,73,2,0,0,0,0,1,0,2.5
1637,1510,840,2015,558,80,2,0,0,0,0,1,0,3.25
1638,1506,840,2015,558,80,2,0,0,0,0,1,0,2.75
1639,1510,840,2015,558,80,3,1,0,0,0,1,0,2.75
1640,1510,840,2015,558,80,3,1,0,0,0,1,0,2.75
1641,1506,840,2015,558,62,3,1,0,0,0,1,0,2.5
1642,829,840,2012,604,82,3,1,0,0,0,1,0,2.75
1643,829,840,2012,214,76,3,1,0,0,0,1,0,2.5
1644,607,840,2010,188,82,2,0,0,0,0,1,0,3.75
1645,647,840,2011,188,70,2,0,0,0,0,1,0,3.5
1646,789,840,2011,76,70,2,0,0,0,0,1,0,3.5
1647,654,840,2011,188,70,2,0,0,0,0,1,0,3
1648,789,840,2011,604,70,2,0,0,0,0,1,0,2.75
1649,1387,840,2014,862,70,2,0,0,0,0,1,0,3.75
1650,1820,840,2016,214,70,2,0,0,0,0,1,0,3.75
1651,2076,840,2018,170,70,2,0,0,0,0,1,0,4
1652,32,250,2006,388,75,4,1,0,1,0,1,0,3.75
1653,93,250,2006,218,80,4,1,0,1,0,1,0,3.75
1654,99,250,2006,0,75,4,1,0,1,0,1,0,3.5
1655,40,250,2006,548,75,4,1,0,1,0,1,0,3
1656,99,250,2006,192,75,4,1,0,1,0,1,0,3
1657,99,250,2006,0,75,4,1,0,1,0,1,0,3
1658,105,250,2006,76,75,4,1,0,1,0,1,0,3
1659,162,250,2007,678,75,4,1,0,1,0,1,0,4
1660,280,250,2008,76,75,4,1,0,1,0,1,0,3.5
1661,202,250,2008,450,100,2,1,0,0,0,0,0,3
1662,280,250,2008,214,75,4,1,0,1,0,1,0,2
1663,451,250,2009,862,75,4,1,0,1,0,1,0,2
1664,486,250,2010,862,75,4,1,0,1,0,1,0,3.5
1665,717,250,2011,862,75,4,1,0,1,0,1,0,3.25
1666,1446,250,2015,604,75,3,1,0,0,0,1,0,3.25
1667,2410,250,2019,678,75,4,1,0,1,0,1,0,3.5
1668,2414,250,2019,834,75,4,1,0,1,0,1,0,3.5
1669,2418,250,2019,218,75,4,1,0,1,0,1,0,3.5
1670,2410,250,2019,780,75,4,1,0,1,0,1,0,3.25
1671,2414,250,2019,288,75,4,1,0,1,0,1,0,3.25
1672,2318,250,2019,598,75,4,1,0,1,0,1,0,3
1673,2406,250,2019,598,75,4,1,0,1,0,1,0,3
1674,2410,250,2019,360,75,4,1,0,1,0,1,0,3
1675,2410,250,2019,862,75,4,1,0,1,0,1,0,3
1676,2414,250,2019,450,75,4,1,0,1,0,1,0,3
1677,2418,250,2019,170,75,4,1,0,1,0,1,0,3
1678,2118,840,2018,834,75,2,0,0,0,0,0,1,3.25
1679,2118,840,2018,604,75,2,0,0,0,0,0,1,3.25
1680,2318,408,2019,704,70,2,0,0,0,0,1,0,2.75
1681,1223,826,2014,450,72,3,1,0,0,0,1,0,3.25
1682,1223,826,2014,218,75,3,1,0,0,0,1,0,3
1683,1223,826,2014,862,75,3,1,0,0,0,1,0,2.75
1684,1227,826,2014,218,85,3,1,0,0,0,1,0,2.75
1685,1502,826,2015,308,70,3,1,0,0,0,1,0,3.5
1686,1530,826,2015,450,74,3,1,0,0,0,1,0,3.5
1687,1688,826,2015,340,80,3,1,0,0,0,1,0,2.75
1688,1872,826,2016,218,77,3,1,0,0,0,1,0,3.5
1689,1956,826,2017,388,75,2,0,0,0,0,1,0,3.75
1690,2166,826,2018,90,72,3,1,0,0,0,1,0,3.25
1691,931,380,2012,862,73,4,1,0,1,0,1,0,2.75
1692,1988,380,2017,214,65,4,1,0,1,0,1,0,3.75
1693,1984,380,2017,704,75,4,1,0,1,0,1,0,3.5
1694,1988,380,2017,608,66,4,1,0,1,0,1,0,3.5
1695,1988,380,2017,218,73,4,1,0,1,0,1,0,3.25
1696,1988,380,2017,598,75,4,1,0,1,0,1,0,3.25
1697,935,76,2012,76,65,3,1,0,0,0,1,0,3.25
1698,935,76,2012,76,60,3,1,0,0,0,1,0,3
1699,1057,76,2013,76,85,3,1,0,0,0,1,0,3.5
1700,1057,76,2013,76,75,3,1,0,0,0,1,0,3.25
1701,1069,76,2013,76,80,3,1,0,0,0,1,0,3.25
1702,1069,76,2013,76,55,3,1,0,0,0,1,0,2.75
1703,2238,124,2018,604,70,3,1,0,0,0,1,0,3
1704,2426,124,2019,604,70,3,1,0,0,0,1,0,3.75
1705,2470,124,2020,604,70,3,1,0,0,0,1,0,3.5
1706,1800,484,2016,484,74,3,1,0,0,0,1,0,3
1707,1796,484,2016,484,70,3,1,0,0,0,1,0,2.75
1708,785,840,2011,214,85,3,1,0,0,0,1,0,3.5
1709,959,840,2012,450,75,3,1,0,0,0,1,0,3.25
1710,1708,840,2015,178,75,3,1,0,0,0,1,0,2.75
1711,1788,840,2016,604,70,3,1,0,0,0,1,0,3
1712,2032,840,2017,332,70,3,1,0,0,0,1,0,3.5
1713,2032,840,2017,332,70,3,1,0,0,0,1,0,3.25
1714,470,320,2010,320,70,5,1,1,1,0,1,0,2.75
1715,1562,840,2015,604,73,2,0,0,0,0,1,0,3.5
1716,1562,840,2015,604,80,2,0,0,0,0,1,0,3.25
1717,1558,840,2015,604,70,2,0,0,0,0,1,0,2.5
1718,1872,250,2016,604,75,3,1,0,0,0,1,0,3.25
1719,2158,840,2018,834,72,3,1,0,0,0,1,0,3.75
1720,2158,840,2018,604,72,3,1,0,0,0,1,0,3.75
1721,2166,840,2018,218,72,3,1,0,0,0,1,0,3.5
1722,2330,840,2019,214,72,3,1,0,0,0,1,0,3.5
1723,2334,840,2019,558,72,3,1,0,0,0,1,0,3.5
1724,170,218,2007,218,75,4,1,0,1,0,1,0,3.75
1725,147,218,2007,218,67,4,1,0,1,0,1,0,3.5
1726,147,218,2007,218,75,4,1,0,1,0,1,0,3
1727,439,218,2009,218,75,4,1,0,1,0,1,0,2.5
1728,494,218,2010,218,75,4,1,0,1,0,1,0,3.25
1729,745,840,2011,188,75,2,0,0,0,0,1,0,3.5
1730,891,840,2012,450,75,2,0,0,0,0,1,0,4
1731,979,840,2012,780,75,2,0,0,0,0,1,0,3.5
1732,967,840,2012,218,75,2,0,0,0,0,1,0,3.25
1733,1089,840,2013,84,75,2,0,0,0,0,1,0,3.75
1734,1181,840,2013,604,75,2,0,0,0,0,1,0,3
1735,1466,840,2015,218,85,2,0,0,0,0,1,0,3.5
1736,1466,840,2015,0,70,2,0,0,0,0,1,0,3.5
1737,1860,840,2016,218,75,2,0,0,0,0,1,0,3.75
1738,2008,840,2017,484,75,3,1,0,0,0,1,0,3.75
1739,2282,840,2019,558,70,2,0,0,0,0,1,0,3.5
1740,2418,840,2019,780,80,2,0,0,0,0,1,0,3.5
1741,2080,840,2018,834,72,3,1,0,0,0,1,0,3
1742,2354,840,2019,242,70,3,1,0,0,0,1,0,2.5
1743,2354,840,2019,604,70,3,1,0,0,0,1,0,2.5
1744,1844,408,2016,188,70,2,0,0,0,0,1,0,3.25
1745,1844,408,2016,188,70,2,0,0,0,0,1,0,3.25
1746,1844,408,2016,188,70,2,0,0,0,0,1,0,3.25
1747,1061,450,2013,450,75,5,1,1,1,0,1,0,3.25
1748,1061,450,2013,450,68,4,1,0,1,0,1,0,3.25
1749,213,840,2008,450,70,2,0,0,0,0,1,0,3
1750,213,840,2008,780,70,2,0,0,0,0,1,0,3
1751,213,840,2008,214,70,2,0,0,0,0,1,0,2.75
1752,213,840,2008,388,70,2,0,0,0,0,1,0,2.75
1753,327,840,2009,862,70,2,0,0,0,0,1,0,3.5
1754,565,840,2010,604,75,2,0,0,0,0,1,0,3.75
1755,793,840,2011,68,75,2,0,0,0,0,1,0,3
1756,979,840,2012,218,75,2,0,0,0,0,1,0,3.75
1757,1081,840,2013,68,75,2,0,0,0,0,1,0,4
1758,1193,840,2013,388,75,2,0,0,0,0,1,0,3.75
1759,1038,840,2013,450,70,2,0,0,0,0,1,0,3.5
1760,1081,840,2013,214,70,2,0,0,0,0,1,0,3.5
1761,1209,840,2014,862,80,2,0,0,0,0,1,0,3.75
1762,1446,840,2015,862,70,2,0,0,0,0,1,0,3.75
1763,1566,840,2015,68,75,2,0,0,0,0,1,0,3.25
1764,1748,840,2016,340,75,2,0,0,0,0,1,0,3.75
1765,713,348,2011,862,73,3,1,0,0,0,1,0,3.5
1766,717,348,2011,862,70,3,1,0,0,0,1,0,3.5
1767,765,348,2011,678,77,3,1,0,0,0,1,0,2.75
1768,717,348,2011,862,71,3,1,0,0,0,1,0,2.5
1769,809,348,2012,862,84,3,1,0,0,0,1,0,2.5
1770,871,348,2012,450,72,3,1,0,0,0,1,0,2.5
1771,871,348,2012,862,76,3,1,0,0,0,1,0,2.25
1772,2004,348,2017,862,73,3,1,0,0,0,1,0,3.75
1773,1964,380,2017,340,72,3,1,0,0,0,0,1,2.75
1774,2036,380,2018,558,70,3,1,0,0,0,1,0,3.5
1775,2036,380,2018,332,75,3,1,0,0,0,1,0,3
1776,813,840,2012,0,69,4,1,1,0,0,0,1,3.25
1777,813,840,2012,0,83,4,1,1,0,0,0,1,2.75
1778,288,32,2008,76,70,4,1,0,1,0,1,0,3.5
1779,288,32,2008,218,70,4,1,0,1,0,1,0,3.5
1780,288,32,2008,862,70,4,1,0,1,0,1,0,3.5
1781,292,32,2008,218,70,4,1,0,1,0,1,0,3.5
1782,2004,218,2017,218,70,4,1,0,1,0,1,0,3.25
1783,32,170,2006,170,70,5,1,1,1,0,1,0,3.75
1784,32,170,2006,170,65,5,1,1,1,0,1,0,3
1785,32,170,2006,170,53,5,1,1,1,0,1,0,2
1786,414,170,2009,170,70,5,1,1,1,0,1,0,3
1787,404,170,2009,170,75,3,0,0,1,0,1,0,2.75
1788,761,250,2011,678,70,5,1,1,1,0,1,0,2.75
1789,15,840,2006,0,70,5,1,1,1,0,1,0,3.5
1790,56,840,2006,0,62,5,1,1,1,0,1,0,3
1791,15,840,2006,0,82,5,1,1,1,0,1,0,2
1792,40,840,2006,0,68,5,1,1,1,0,1,0,2
1793,56,840,2006,388,70,5,1,1,1,0,1,0,2
1794,135,840,2007,862,75,5,1,1,1,0,1,0,3.75
1795,117,840,2007,0,72,5,1,1,1,0,1,0,3
1796,135,840,2007,0,62,5,1,1,1,0,1,0,3
1797,188,840,2007,0,75,5,1,1,1,0,1,0,3
1798,227,840,2008,0,72,5,1,1,1,0,1,0,3
1799,336,840,2009,288,65,5,1,1,1,0,1,0,4
1800,336,840,2009,76,68,5,1,1,1,0,1,0,3.75
1801,445,840,2009,704,72,5,1,1,1,0,1,0,3.75
1802,464,840,2010,450,65,5,1,1,1,0,1,0,3.75
1803,464,840,2010,308,68,5,1,1,1,0,1,0,3.5
1804,781,840,2011,598,68,5,1,1,1,0,1,0,3.75
1805,959,840,2012,604,78,4,1,0,1,0,1,0,4
1806,1658,826,2015,214,70,2,0,0,0,0,1,0,2.75
1807,1658,826,2015,308,70,2,0,0,0,0,1,0,2.75
1808,2104,840,2018,834,70,2,0,0,0,0,1,0,3.25
1809,2108,840,2018,214,70,2,0,0,0,0,1,0,3
1810,2104,840,2018,340,70,2,0,0,0,0,1,0,2.75
1811,2446,840,2019,800,70,2,0,0,0,0,1,0,3.5
1812,2446,840,2019,242,70,2,0,0,0,0,1,0,2.75
1813,2366,840,2019,84,70,3,1,0,0,0,1,0,3.5
1814,2370,840,2019,320,70,3,1,0,0,0,1,0,3
1815,2370,840,2019,170,70,3,1,0,0,0,1,0,3
1816,1335,840,2014,84,72,2,0,0,0,0,1,0,3.25
1817,1335,840,2014,218,75,2,0,0,0,0,1,0,3
1818,1450,840,2015,598,73,2,0,0,0,0,1,0,3.5
1819,1466,840,2015,214,74,2,0,0,0,0,1,0,3.5
1820,1450,840,2015,388,72,2,0,0,0,0,1,0,3.25
1821,1466,840,2015,862,77,2,0,0,0,0,1,0,2.75
1822,721,840,2011,840,73,4,1,1,0,0,1,0,2.5
1823,713,840,2011,840,73,4,1,1,0,0,1,0,2
1824,757,604,2011,604,75,3,1,0,0,0,1,0,3.5
1825,1884,604,2016,604,70,3,1,0,0,0,1,0,3.25
1826,1586,188,2015,188,70,3,1,0,0,0,1,0,3.5
1827,1586,188,2015,188,82,3,1,0,0,0,1,0,3.25
1828,725,380,2011,678,65,4,1,0,0,1,1,0,3.25
1829,729,380,2011,76,60,4,1,0,0,1,1,0,3.25
1830,717,380,2011,84,67,4,1,0,0,1,1,0,3
1831,741,380,2011,170,68,4,1,0,0,1,1,0,3
1832,1339,124,2014,450,67,3,1,0,0,0,1,0,3.75
1833,1339,124,2014,450,73,3,1,0,0,0,1,0,3.75
1834,1343,124,2014,218,73,3,1,0,0,0,1,0,3.75
1835,1614,124,2015,320,73,2,0,0,0,0,0,1,3.25
1836,1650,124,2015,332,73,2,0,0,0,0,1,0,3.25
1837,1502,124,2015,450,100,1,0,0,0,0,0,0,3
1838,1506,124,2015,218,100,1,0,0,0,0,0,0,3
1839,1614,124,2015,320,73,2,0,0,0,0,1,0,3
1840,1860,124,2016,218,73,2,0,0,0,0,1,0,3.75
1841,1788,124,2016,68,73,2,0,0,0,0,1,0,3.5
1842,1856,124,2016,834,73,2,0,0,0,0,1,0,3.5
1843,1996,124,2017,604,73,2,0,0,0,0,1,0,3.75
1844,1462,840,2015,558,72,3,1,0,0,0,1,0,3
1845,1454,840,2015,288,70,4,1,1,0,0,1,0,2.75
1846,1622,36,2015,218,72,3,1,0,0,0,1,0,4
1847,1622,36,2015,834,67,3,1,0,0,0,1,0,3.75
1848,1622,36,2015,780,70,3,1,0,0,0,1,0,3.75
1849,1666,36,2015,862,70,3,1,0,0,0,1,0,3.75
1850,1622,36,2015,450,70,3,1,0,0,0,1,0,3.5
1851,1662,36,2015,598,65,3,1,0,0,0,1,0,3.5
1852,1618,36,2015,450,65,3,1,0,0,0,1,0,3.25
1853,1666,36,2015,604,67,3,1,0,0,0,1,0,3
1854,1626,36,2015,68,72,3,1,0,0,0,1,0,2.75
1855,1740,36,2016,218,70,3,1,0,0,0,1,0,4
1856,1740,36,2016,862,70,3,1,0,0,0,1,0,3.75
1857,1756,36,2016,84,70,3,1,0,0,0,1,0,3.75
1858,1864,36,2016,36,67,3,1,0,0,0,1,0,3.75
1859,1908,36,2016,320,70,3,1,0,0,0,1,0,3.25
1860,1864,36,2016,704,70,3,1,0,0,0,1,0,3
1861,1940,36,2017,214,70,3,1,0,0,0,1,0,3.5
1862,1952,36,2017,332,70,3,1,0,0,0,1,0,3.5
1863,502,840,2010,218,68,3,1,0,0,0,1,0,3.25
1864,502,840,2010,450,68,3,1,0,0,0,1,0,3
1865,693,840,2011,288,67,3,1,0,0,0,1,0,1.5
1866,2112,528,2018,360,66,3,1,0,0,0,0,1,3.25
1867,1968,356,2017,356,70,3,1,0,0,0,1,0,2.75
1868,1518,840,2015,450,72,2,0,0,0,0,1,0,3
1869,1812,840,2016,218,70,2,0,0,0,0,1,0,3.5
1870,1840,826,2016,214,85,2,0,0,0,0,1,0,2.75
1871,1840,826,2016,604,68,2,0,0,0,0,1,0,2.75
1872,2366,826,2019,608,70,3,1,0,0,0,1,0,2.5
1873,1792,554,2016,90,70,2,0,0,0,0,1,0,3.25
1874,1796,554,2016,90,75,2,0,0,0,0,1,0,3.25
1875,1161,840,2013,0,70,3,1,0,0,0,1,0,3.5
1876,1161,840,2013,68,70,2,0,0,0,0,1,0,3.25
1877,1161,840,2013,604,70,3,1,0,0,0,1,0,3.25
1878,1157,840,2013,450,70,2,0,0,0,0,1,0,3
1879,1157,840,2013,862,70,2,0,0,0,0,1,0,3
1880,1335,840,2014,800,70,3,1,0,0,0,1,0,3
1881,1992,840,2017,834,70,3,1,0,0,0,1,0,3.25
1882,2068,840,2018,356,70,3,1,0,0,0,1,0,3.25
1883,387,124,2009,450,70,3,1,0,0,0,1,0,3.75
1884,387,124,2009,862,70,3,1,0,0,0,1,0,3.75
1885,377,124,2009,288,70,3,1,0,0,0,1,0,3.5
1886,387,124,2009,598,70,3,1,0,0,0,1,0,3.5
1887,377,124,2009,214,70,3,1,0,0,0,1,0,3
1888,387,124,2009,214,70,3,1,0,0,0,1,0,3
1889,607,124,2010,0,70,3,1,0,0,0,1,0,3.75
1890,676,124,2011,604,64,3,1,0,0,0,1,0,4
1891,676,124,2011,0,70,3,1,0,0,0,1,0,4
1892,682,124,2011,214,70,3,1,0,0,0,1,0,3.75
1893,676,124,2011,68,70,3,1,0,0,0,1,0,3.5
1894,688,124,2011,862,70,3,1,0,0,0,1,0,3.5
1895,676,124,2011,308,70,3,1,0,0,0,1,0,2.75
1896,867,124,2012,0,70,3,1,0,0,0,1,0,4
1897,867,124,2012,0,70,3,1,0,0,0,1,0,4
1898,833,124,2012,840,70,3,1,0,0,0,1,0,3.75
1899,951,124,2012,862,70,3,1,0,0,0,1,0,3.75
1900,951,124,2012,320,70,3,1,0,0,0,1,0,3.5
1901,967,124,2012,0,70,3,1,0,0,0,1,0,3.5
1902,983,124,2012,598,85,3,1,0,0,0,1,0,3.5
1903,817,124,2012,332,70,3,1,0,0,0,1,0,3.25
1904,1077,124,2013,0,88,3,1,0,0,0,1,0,4
1905,1077,124,2013,862,70,3,1,0,0,0,1,0,4
1906,1081,124,2013,0,67,3,1,0,0,0,1,0,4
1907,1177,124,2013,388,70,3,1,0,0,0,1,0,4
1908,1019,124,2013,214,77,3,1,0,0,0,1,0,3.75
1909,1073,124,2013,780,70,3,1,0,0,0,1,0,3.75
1910,1077,124,2013,862,70,3,1,0,0,0,1,0,3.75
1911,1030,124,2013,360,70,3,1,0,0,0,1,0,3.25
1912,1077,124,2013,0,70,3,1,0,0,0,1,0,3.25
1913,1173,124,2013,862,70,3,1,0,0,0,1,0,3.25
1914,1073,124,2013,604,70,3,1,0,0,0,1,0,2.75
1915,1259,124,2014,604,70,3,1,0,0,0,1,0,3.75
1916,1307,124,2014,548,70,3,1,0,0,0,1,0,3.75
1917,1227,124,2014,558,70,3,1,0,0,0,1,0,3.5
1918,1307,124,2014,218,80,3,1,0,0,0,1,0,3.5
1919,1307,124,2014,558,70,3,1,0,0,0,1,0,3.25
1920,1339,124,2014,0,70,3,1,0,0,0,1,0,3.25
1921,1594,124,2015,862,75,3,1,0,0,0,1,0,4
1922,1594,124,2015,862,70,3,1,0,0,0,1,0,3.5
1923,1828,124,2016,704,70,3,1,0,0,0,1,0,4
1924,1828,124,2016,558,70,3,1,0,0,0,1,0,3.75
1925,1828,124,2016,0,75,3,1,0,0,0,1,0,3.75
1926,1820,124,2016,214,62,3,1,0,0,0,1,0,3.5
1927,1820,124,2016,450,70,3,1,0,0,0,1,0,3.5
1928,1828,124,2016,76,70,3,1,0,0,0,1,0,3.5
1929,1832,124,2016,218,70,3,1,0,0,0,1,0,3.25
1930,2016,124,2017,170,70,3,1,0,0,0,1,0,4
1931,2016,124,2017,242,70,3,1,0,0,0,1,0,3.25
1932,2242,124,2018,450,70,3,1,0,0,0,1,0,4
1933,2242,124,2018,862,70,3,1,0,0,0,1,0,4
1934,2068,124,2018,332,70,3,1,0,0,0,1,0,3
1935,1395,840,2014,840,70,2,0,0,0,0,1,0,3.5
1936,1367,840,2014,558,70,2,0,0,0,0,1,0,3.25
1937,1936,124,2017,450,70,2,0,0,0,0,1,0,3.5
1938,1936,124,2017,862,75,2,0,0,0,0,1,0,3.5
1939,1940,124,2017,834,80,2,0,0,0,0,1,0,3.5
1940,1932,124,2017,214,70,2,0,0,0,0,1,0,3.25
1941,1936,124,2017,218,75,2,0,0,0,0,1,0,3.25
1942,1936,124,2017,598,77,2,0,0,0,0,1,0,3.25
1943,793,840,2012,214,75,4,1,1,0,0,1,0,3.25
1944,793,840,2012,214,70,4,1,1,0,0,1,0,3
1945,793,840,2012,214,80,4,1,1,0,0,1,0,3
1946,1434,36,2014,548,72,3,1,0,0,0,1,0,2.75
1947,1792,36,2016,218,70,3,1,0,0,0,1,0,3.75
1948,1792,36,2016,450,70,3,1,0,0,0,1,0,3.75
1949,1792,36,2016,214,70,3,1,0,0,0,1,0,3.5
1950,1932,840,2017,214,70,3,1,0,0,0,1,0,3.75
1951,1932,840,2017,218,70,3,1,0,0,0,1,0,3.5
1952,1932,840,2017,604,70,3,1,0,0,0,1,0,2.75
1953,1057,756,2013,68,70,4,1,0,1,0,1,0,3
1954,1113,840,2013,214,70,3,0,0,1,0,1,0,3
1955,1121,840,2013,214,84,3,0,0,1,0,1,0,2.25
1956,1634,840,2015,218,70,4,1,1,0,0,0,1,3
1957,1692,840,2015,214,70,4,1,1,0,0,0,1,3
1958,1692,840,2015,320,70,4,1,1,0,0,0,1,3
1959,1692,840,2015,558,70,4,1,1,0,0,0,1,3
1960,1696,840,2015,450,70,4,1,1,0,0,0,1,3
1961,729,756,2011,356,72,4,1,1,0,0,1,0,3.25
1962,859,756,2012,76,68,4,1,1,0,0,1,0,2.75
1963,1291,840,2014,218,84,3,1,0,0,0,1,0,3.5
1964,1291,840,2014,218,70,3,1,0,0,0,1,0,3.5
1965,2012,840,2017,68,70,3,1,0,0,0,1,0,2.5
1966,943,840,2012,608,75,4,1,1,0,0,1,0,2.75
1967,939,840,2012,608,65,4,1,1,0,0,1,0,2.5
1968,943,840,2012,608,70,4,1,1,0,0,1,0,2.5
1969,1157,840,2013,84,78,2,0,0,0,0,1,0,3.25
1970,1157,840,2013,450,67,2,0,0,0,0,1,0,2.75
1971,1800,208,2016,604,71,5,1,1,1,0,1,0,3
1972,1800,208,2016,604,61,5,1,1,1,0,1,0,2.5
1973,1796,862,2016,862,60,3,1,0,0,0,1,0,3
1974,1796,862,2016,862,70,3,1,0,0,0,1,0,2.75
1975,1618,752,2015,144,70,2,0,0,0,0,1,0,2.75
1976,2434,752,2019,834,74,2,0,0,0,0,1,0,2.75
1977,2230,392,2018,862,75,5,1,1,1,0,1,0,3.25
1978,2234,392,2018,84,70,5,1,1,1,0,1,0,3
1979,2242,392,2018,76,70,5,1,1,1,0,1,0,3
1980,2234,392,2018,834,75,3,1,0,0,0,1,0,2.75
1981,2242,392,2018,604,70,5,1,1,1,0,1,0,2.5
1982,2470,124,2020,604,68,3,1,0,0,0,1,0,3.25
1983,2482,124,2020,598,73,3,1,0,0,0,1,0,3.25
1984,2474,124,2020,484,74,3,1,0,0,0,1,0,3
1985,761,348,2011,862,70,3,1,0,0,0,1,0,3
1986,939,348,2012,604,70,3,1,0,0,0,1,0,3.75
1987,939,348,2012,214,70,3,1,0,0,0,1,0,3.25
1988,939,348,2012,450,70,3,1,0,0,0,1,0,3.25
1989,1185,348,2013,450,70,3,1,0,0,0,1,0,3.5
1990,1185,348,2013,450,70,3,1,0,0,0,1,0,3.5
1991,1193,348,2013,558,70,3,1,0,0,0,1,0,3.25
1992,1263,348,2014,192,70,3,1,0,0,0,1,0,3.75
1993,1263,348,2014,862,70,3,1,0,0,0,1,0,3.5
1994,1704,348,2015,218,70,3,1,0,0,0,1,0,3.75
1995,1708,348,2015,76,70,3,1,0,0,0,1,0,3.5
1996,1668,348,2015,218,70,3,1,0,0,0,1,0,3.25
1997,1704,348,2015,192,88,3,1,0,0,0,1,0,3.25
1998,1704,348,2015,450,70,3,1,0,0,0,1,0,3.25
1999,1708,348,2015,704,70,3,1,0,0,0,1,0,3.25
2000,1105,840,2013,604,70,4,1,1,0,0,1,0,3
2001,1101,840,2013,188,70,4,1,1,0,0,1,0,2.75
2002,1101,840,2013,214,70,4,1,1,0,0,1,0,2.75
2003,1105,840,2013,484,70,4,1,1,0,0,1,0,2.5
2004,1450,392,2015,598,62,5,1,1,1,0,1,0,3.25
2005,1450,392,2015,704,60,5,1,1,1,0,1,0,3.25
2006,1450,392,2015,170,70,5,1,1,1,0,1,0,3
2007,1680,392,2015,780,77,4,1,0,1,0,1,0,2.75
2008,2286,704,2019,704,75,3,1,0,0,0,1,0,3
2009,2286,704,2019,704,70,3,1,0,0,0,1,0,2.75
2010,1868,740,2016,740,70,2,0,0,0,0,1,0,3.25
2011,2326,840,2019,604,75,3,1,0,0,0,1,0,4
2012,2326,840,2019,604,75,3,1,0,0,0,1,0,3.25
2013,2262,840,2019,862,75,4,1,1,0,0,1,0,3
2014,2306,756,2019,484,70,3,1,0,0,0,1,0,3.25
2015,2306,756,2019,558,72,3,1,0,0,0,1,0,3
2016,180,840,2007,214,70,3,1,0,0,0,1,0,3
2017,451,840,2009,484,75,3,1,0,0,0,1,0,2.75
2018,785,840,2011,68,87,3,1,0,0,0,1,0,3.25
2019,1271,840,2014,84,68,3,1,0,0,0,1,0,3
2020,280,840,2008,450,70,5,1,1,1,0,1,0,2.75
2021,199,840,2008,288,70,5,1,1,1,0,1,0,2.5
2022,280,840,2008,604,70,5,1,1,1,0,1,0,2.5
2023,284,840,2008,604,70,5,1,1,1,0,1,0,2.5
2024,387,840,2009,0,68,5,1,1,1,0,1,0,3
2025,387,840,2009,0,60,5,1,1,1,0,1,0,2.75
2026,1716,840,2016,0,62,5,1,1,1,0,1,0,2
2027,805,840,2012,214,70,4,1,1,0,0,1,0,3.5
2028,971,840,2012,76,70,3,1,0,0,0,1,0,3.5
2029,817,840,2012,218,70,4,1,1,0,0,1,0,3.25
2030,825,840,2012,218,70,3,1,0,0,0,1,0,3.25
2031,833,840,2012,484,70,3,1,0,0,0,1,0,3.25
2032,971,840,2012,68,67,3,1,0,0,0,1,0,3.25
2033,801,840,2012,0,70,4,1,1,0,0,1,0,3
2034,805,840,2012,598,70,4,1,1,0,0,1,0,3
2035,829,840,2012,450,70,3,1,0,0,0,1,0,3
2036,971,840,2012,862,80,4,1,1,0,0,1,0,3
2037,801,840,2012,450,70,4,1,1,0,0,1,0,2.75
2038,829,840,2012,68,70,3,1,0,0,0,1,0,2.75
2039,967,840,2012,76,70,3,1,0,0,0,1,0,2.75
2040,821,840,2012,604,70,4,1,1,0,0,1,0,2
2041,1323,840,2014,450,67,2,0,0,0,0,1,0,3.75
2042,1323,840,2014,800,73,2,0,0,0,0,1,0,3.75
2043,1323,840,2014,218,77,2,0,0,0,0,1,0,3.25
2044,1478,840,2015,84,70,2,0,0,0,0,1,0,3.75
2045,1478,840,2015,450,70,2,0,0,0,0,1,0,3.75
2046,1558,840,2015,320,70,3,1,0,0,0,1,0,3.75
2047,1554,840,2015,214,70,3,1,0,0,0,1,0,3.5
2048,1482,840,2015,218,70,2,0,0,0,0,1,0,3.25
2049,1478,840,2015,604,70,2,0,0,0,0,1,0,2.75
2050,2370,840,2019,68,77,3,1,0,0,0,1,0,3.25
2051,2358,840,2019,84,77,3,1,0,0,0,1,0,3
2052,2374,840,2019,332,72,3,1,0,0,0,1,0,2.75
2053,1614,752,2015,604,70,3,1,0,0,0,1,0,3
2054,162,840,2007,450,65,3,1,0,0,0,1,0,3.5
2055,184,840,2007,288,84,4,1,1,0,0,1,0,3
2056,188,840,2007,0,75,3,1,0,0,0,1,0,3
2057,184,840,2007,384,75,4,1,1,0,0,1,0,2.5
2058,188,840,2007,862,91,2,0,0,0,0,1,0,2
2059,903,840,2012,178,65,4,1,1,0,0,1,0,3.25
2060,1684,392,2015,604,70,2,0,0,0,0,1,0,3.25
2061,2414,840,2019,218,70,2,0,0,0,0,1,0,3.5
2062,2182,170,2018,170,70,3,0,0,1,0,1,0,3.25
2063,2182,170,2018,170,70,3,0,0,1,0,1,0,3
2064,1836,276,2016,84,72,3,1,0,0,0,1,0,3.75
2065,2358,840,2019,834,71,2,0,0,0,0,1,0,2.75
2066,1418,218,2014,218,81,2,0,0,0,0,1,0,3.25
2067,789,840,2011,214,74,3,1,0,0,0,1,0,3
2068,789,840,2011,862,72,3,1,0,0,0,1,0,2.75
2069,927,840,2012,68,77,3,1,0,0,0,1,0,3
2070,2060,826,2018,84,70,3,1,0,0,0,1,0,3.5
2071,2060,826,2018,68,70,3,1,0,0,0,1,0,3
2072,2064,826,2018,332,70,3,1,0,0,0,1,0,2.75
2073,2270,826,2019,170,70,3,1,0,0,0,1,0,2.75
2074,2314,408,2019,218,70,2,0,0,0,0,1,0,3.5
2075,1239,840,2014,214,72,2,0,0,0,0,1,0,3
2076,2218,604,2018,604,70,3,1,0,0,0,1,0,3.5
2077,2210,604,2018,604,73,3,1,0,0,0,1,0,3
2078,2470,124,2020,604,70,2,0,0,0,0,1,0,3
2079,2490,124,2020,704,70,2,0,0,0,0,1,0,2.75
2080,2490,124,2020,340,70,2,0,0,0,0,1,0,2.75
2081,753,840,2011,214,73,2,0,0,0,0,1,0,2.75
2082,1022,840,2013,214,68,2,0,0,0,0,1,0,3.25
2083,1026,840,2013,68,75,2,0,0,0,0,1,0,2.5
2084,1235,840,2014,450,75,2,0,0,0,0,1,0,3.5
2085,1700,840,2015,218,75,2,0,0,0,0,1,0,3.5
2086,1700,840,2015,214,75,2,0,0,0,0,1,0,2.75
2087,1996,840,2017,834,75,2,0,0,0,0,1,0,3.25
2088,1740,840,2016,604,60,3,1,0,0,0,1,0,3
2089,2004,124,2017,320,75,2,0,0,0,0,1,0,3.25
2090,2004,124,2017,834,75,2,0,0,0,0,1,0,3
2091,2000,124,2017,214,75,2,0,0,0,0,1,0,2.75
2092,1438,840,2014,214,70,2,0,0,0,0,1,0,3
2093,1438,840,2014,558,74,2,0,0,0,0,1,0,2.75
2094,1752,840,2016,834,72,2,0,0,0,0,1,0,3.25
2095,1752,840,2016,450,72,2,0,0,0,0,1,0,3
2096,1327,380,2014,862,65,4,1,1,0,0,1,0,3.25
2097,1968,724,2017,170,70,3,1,0,0,0,1,0,3.75
2098,2210,724,2018,558,70,3,1,0,0,0,1,0,3.75
2099,2478,124,2020,84,74,3,1,0,0,0,1,0,3.5
2100,63,250,2006,0,70,5,1,1,1,0,1,0,3.75
2101,75,250,2006,450,64,5,1,1,1,0,1,0,3.5
2102,63,250,2006,0,66,5,1,1,1,0,1,0,3
2103,75,250,2006,862,64,5,1,1,1,0,1,0,3
2104,75,250,2006,780,64,5,1,1,1,0,1,0,2.5
2105,129,250,2007,450,64,5,1,1,1,0,1,0,4
2106,129,250,2007,862,65,5,1,1,1,0,1,0,3.75
2107,162,250,2007,862,64,5,1,1,1,0,1,0,3.25
2108,117,250,2007,0,72,5,1,1,1,0,1,0,3
2109,157,250,2007,0,71,5,1,1,1,0,1,0,2.75
2110,153,250,2007,0,85,5,1,1,1,0,1,0,2.5
2111,147,250,2007,0,85,5,1,1,1,0,1,0,1.5
2112,327,250,2009,214,64,5,1,1,1,0,1,0,3.75
2113,370,250,2009,218,66,5,1,1,1,0,1,0,3.75
2114,395,250,2009,288,68,5,1,1,1,0,1,0,3.5
2115,757,250,2011,862,64,5,1,1,1,0,1,0,4
2116,709,250,2011,0,56,5,1,1,1,0,1,0,3.25
2117,931,250,2012,862,69,5,1,1,1,0,1,0,4
2118,1145,250,2013,0,70,5,1,1,1,0,1,0,3.5
2119,1153,250,2013,214,64,5,1,1,1,0,1,0,3.5
2120,1510,250,2015,604,63,5,1,1,1,0,1,0,4
2121,1972,250,2017,0,60,3,1,0,0,0,1,0,3.25
2122,404,450,2009,450,72,3,1,0,0,0,1,0,2.75
2123,404,450,2009,450,76,4,1,1,0,0,1,0,2.75
2124,404,450,2009,450,80,4,1,1,0,0,1,0,2.75
2125,1470,840,2015,68,70,2,0,0,0,0,1,0,3.25
2126,1470,840,2015,68,70,2,0,0,0,0,1,0,3.25
2127,2190,840,2018,214,70,2,0,0,0,0,1,0,3.25
2128,2186,840,2018,320,70,2,0,0,0,0,1,0,3
2129,2186,840,2018,68,70,2,0,0,0,0,1,0,2.75
2130,991,840,2012,0,70,3,1,0,0,0,1,0,3.25
2131,1117,840,2013,0,90,3,1,0,0,0,1,0,3.75
2132,1211,840,2014,780,75,3,1,0,0,0,1,0,3.5
2133,1227,840,2014,218,75,3,1,0,0,0,1,0,3.5
2134,1211,840,2014,214,90,3,1,0,0,0,1,0,3.25
2135,951,250,2012,704,70,4,1,0,1,0,1,0,3.5
2136,1205,840,2014,604,75,3,1,0,0,0,1,0,3
2137,153,840,2007,218,65,3,1,0,0,0,1,0,3
2138,1458,840,2015,604,77,2,0,0,0,0,1,0,3.25
2139,1458,840,2015,84,77,2,0,0,0,0,1,0,3
2140,1458,840,2015,862,77,2,0,0,0,0,1,0,3
2141,1458,840,2015,450,77,2,0,0,0,0,1,0,2.75
2142,1502,840,2015,320,77,2,0,0,0,0,1,0,2.75
2143,1724,840,2016,214,70,5,1,1,1,0,1,0,3
2144,1720,840,2016,604,70,5,1,1,1,0,1,0,2.5
2145,1720,840,2016,862,70,5,1,1,1,0,1,0,2.5
2146,2178,840,2018,68,70,5,1,1,1,0,1,0,2.5
2147,2182,840,2018,332,70,5,1,1,1,0,1,0,2.5
2148,1756,554,2016,214,70,2,0,0,0,0,0,1,3.5
2149,1756,554,2016,604,70,2,0,0,0,0,0,1,3.5
2150,2012,554,2017,882,77,2,0,0,0,0,1,0,3
2151,2092,840,2018,834,68,3,1,0,0,0,1,0,3
2152,2096,840,2018,68,72,3,1,0,0,0,1,0,3
2153,1169,372,2013,604,75,3,1,0,0,0,1,0,3.25
2154,1169,372,2013,604,89,3,1,0,0,0,1,0,2.75
2155,1173,372,2013,604,75,3,1,0,0,0,1,0,2.75
2156,1169,372,2013,604,75,3,1,0,0,0,1,0,2.5
2157,457,826,2009,862,72,3,1,0,0,0,1,0,3.25
2158,457,826,2009,604,70,3,1,0,0,0,1,0,3
2159,593,826,2010,360,69,3,1,0,0,0,1,0,3.75
2160,593,826,2010,862,72,3,1,0,0,0,1,0,3.5
2161,593,826,2010,450,71,3,1,0,0,0,1,0,3
2162,1227,826,2014,170,88,3,1,0,0,0,1,0,3
2163,1848,826,2016,170,70,3,1,0,0,0,1,0,4
2164,1916,840,2016,288,75,3,1,0,0,0,1,0,3.75
2165,1912,840,2016,68,76,3,1,0,0,0,1,0,3.5
2166,1912,840,2016,862,74,3,1,0,0,0,1,0,3
2167,2346,840,2019,862,70,3,1,0,0,0,1,0,3.5
2168,2406,840,2019,84,68,3,1,0,0,0,1,0,3.25
2169,741,840,2011,862,70,2,0,0,0,0,1,0,4
2170,769,840,2011,214,70,2,0,0,0,0,1,0,3.5
2171,951,840,2012,450,70,3,1,0,0,0,1,0,3.25
2172,825,840,2012,188,70,2,0,0,0,0,1,0,3
2173,825,840,2012,218,70,2,0,0,0,0,1,0,2.5
2174,1042,840,2013,780,70,2,0,0,0,0,1,0,3.5
2175,1042,840,2013,218,70,2,0,0,0,0,1,0,3.25
2176,1243,840,2014,604,70,2,0,0,0,0,1,0,3
2177,1057,214,2013,214,66,5,1,0,1,1,1,0,3
2178,2374,222,2019,222,70,4,1,0,1,0,1,0,3.25
2179,2378,222,2019,222,75,4,1,0,1,0,1,0,3
2180,2374,222,2019,222,65,4,1,0,1,0,1,0,2.75
2181,1948,840,2017,450,70,2,0,0,0,0,1,0,2.75
2182,1948,840,2017,214,70,2,0,0,0,0,1,0,2.5
2183,1578,840,2015,84,70,3,1,0,0,0,1,0,3.5
2184,1578,840,2015,214,70,3,1,0,0,0,1,0,3.25
2185,1578,840,2015,450,70,3,1,0,0,0,1,0,3.25
2186,1578,840,2015,604,70,3,1,0,0,0,1,0,3.25
2187,1574,840,2015,598,70,3,1,0,0,0,1,0,3
2188,1582,840,2015,0,60,3,1,0,0,0,1,0,3
2189,1820,40,2016,450,70,3,1,0,0,0,1,0,3.5
2190,1824,40,2016,834,70,3,1,0,0,0,1,0,3.5
2191,1880,40,2016,780,78,2,0,0,0,0,1,0,3.5
2192,1824,40,2016,834,85,3,1,0,0,0,1,0,3
2193,1824,40,2016,218,70,3,1,0,0,0,1,0,2.75
2194,1824,40,2016,780,85,3,1,0,0,0,1,0,2.75
2195,701,36,2011,68,72,4,1,0,1,0,1,0,3.75
2196,697,36,2011,68,68,4,1,0,1,0,1,0,3.5
2197,701,36,2011,598,66,4,1,0,1,0,1,0,3.5
2198,1716,36,2016,90,78,4,1,0,1,0,1,0,3.75
2199,1780,36,2016,0,65,5,1,1,1,0,1,0,3.25
2200,2048,56,2018,558,70,3,1,0,0,0,1,0,3.75
2201,2064,56,2018,558,75,3,1,0,0,0,1,0,3.25
2202,2044,56,2018,558,72,3,1,0,0,0,1,0,3
2203,2230,56,2018,0,68,3,1,0,0,0,0,1,3
2204,486,40,2010,76,65,4,1,0,0,1,0,1,3
2205,647,40,2011,604,70,4,1,0,0,1,0,1,3.75
2206,749,40,2011,356,65,4,1,0,0,1,0,1,3.5
2207,781,40,2011,356,62,4,1,0,0,1,0,1,3.25
2208,749,40,2011,178,65,4,1,0,0,1,0,1,3
2209,875,40,2012,214,62,4,1,0,0,1,0,1,3.75
2210,879,40,2012,214,70,4,1,0,0,1,0,1,3.75
2211,801,40,2012,591,72,4,1,0,0,1,0,1,3.5
2212,801,40,2012,0,65,4,1,0,0,1,0,1,3.5
2213,875,40,2012,604,70,4,1,0,0,1,0,1,3.5
2214,883,40,2012,0,58,4,1,0,0,1,0,1,3.5
2215,879,40,2012,68,90,4,1,0,0,1,0,1,3.25
2216,883,40,2012,178,68,4,1,0,0,1,0,1,3.25
2217,875,40,2012,604,70,4,1,0,0,1,0,1,3
2218,879,40,2012,218,75,4,1,0,0,1,0,1,3
2219,879,40,2012,598,75,4,1,0,0,1,0,1,3
2220,1205,40,2014,0,80,4,1,0,0,1,0,1,2.75
2221,1996,40,2017,170,75,3,1,0,0,0,1,0,3.75
2222,2170,40,2018,84,72,3,1,0,0,0,1,0,3.5
2223,2170,40,2018,178,70,3,1,0,0,0,1,0,3.25
2224,2036,40,2018,0,75,3,1,0,0,0,1,0,3
